-- phpMyAdmin SQL Dump
-- version 4.4.12
-- http://www.phpmyadmin.net
--
-- Host: 127.0.0.1
-- Generation Time: Feb 07, 2016 at 05:24 PM
-- Server version: 5.6.25
-- PHP Version: 5.6.11

SET SQL_MODE = "NO_AUTO_VALUE_ON_ZERO";
SET time_zone = "+00:00";


/*!40101 SET @OLD_CHARACTER_SET_CLIENT=@@CHARACTER_SET_CLIENT */;
/*!40101 SET @OLD_CHARACTER_SET_RESULTS=@@CHARACTER_SET_RESULTS */;
/*!40101 SET @OLD_COLLATION_CONNECTION=@@COLLATION_CONNECTION */;
/*!40101 SET NAMES utf8mb4 */;

--
-- Database: `uscsports`
--

-- --------------------------------------------------------

--
-- Table structure for table `announcements`
--

CREATE TABLE IF NOT EXISTS `announcements` (
  `ann_id` int(11) NOT NULL,
  `ann_title` varchar(28) NOT NULL,
  `ann_pub` timestamp NOT NULL DEFAULT CURRENT_TIMESTAMP ON UPDATE CURRENT_TIMESTAMP,
  `ann_updated` timestamp NOT NULL DEFAULT CURRENT_TIMESTAMP ON UPDATE CURRENT_TIMESTAMP,
  `slug` varchar(128) NOT NULL,
  `ann_content` text NOT NULL,
  `admin_id` varchar(8) NOT NULL
) ENGINE=InnoDB AUTO_INCREMENT=13 DEFAULT CHARSET=latin1;

--
-- Dumping data for table `announcements`
--

INSERT INTO `announcements` (`ann_id`, `ann_title`, `ann_pub`, `ann_updated`, `slug`, `ann_content`, `admin_id`) VALUES
(10, 'Basketball Tryouts', '2015-11-22 08:54:18', '2015-11-22 08:54:18', 'basketball-tryouts', '<p>ERICKA ENTERPRISE<br />It is an open-source and royalty-free OSEK/VDX Kernel. This RTOS includes also RT-Druid, which is a development environment distributed as a set of Eclipse plugins.<br />Main Features:<br />? Hard Real-Time support with Fixed Priority Scheduling and Immediate Priority Ceiling;<br />? Support for Earliest Deadline First (EDF) and Resource Reservation Schedulers;<br />? 1-4 Kb Flash footprint, suitable for 8 to 32 bit microcontrollers;<br />? Support for multi-core platforms;<br />? Support for stack sharing among tasks;<br />? Easy configuration using RT-Druid with Eclipse plugins;<br />? Open-source: GPL2+Linking exception for the kernel, EPL for the Eclipse plugins.<img class="post-img" src="/uscsportsportal/source/Fresh Camp Logo for White Shirt.png" alt="Fresh Camp Logo for White Shirt" width="1000" height="650"></p>', '09307896'),
(11, 'Tennis Tryouts', '2015-11-22 08:55:35', '2015-11-22 08:55:35', 'tennis-tryouts', '<p>ERICKA ENTERPRISE</p>\r\n<p>It is an open-source and royalty-free OSEK/VDX Kernel. This RTOS includes also RT-Druid, which is a development environment distributed as a set of Eclipse plugins.<br />Main Features:<br />? Hard Real-Time support with Fixed Priority Scheduling and Immediate Priority Ceiling;<br />? Support for Earliest Deadline First (EDF) and Resource Reservation Schedulers;<br />? 1-4 Kb Flash footprint, suitable for 8 to 32 bit microcontrollers;<br />? Support for multi-core platforms;<br />? Support for stack sharing among tasks;<br />? Easy configuration using RT-Druid with Eclipse plugins;<br />? Open-source: GPL2+Linking exception for the kernel, EPL for the Eclipse plugins.</p>', '09307896'),
(12, 'Sample Data', '2016-01-01 07:50:57', '2016-01-01 07:50:57', 'sample-data', '<p>&lt;video src="/uscsportsportal/source/Videos/AllAccess_freshCampTeaser_x264.mp4" controls="controls" width="300" height="150"&gt;AllAccess_freshCampTeaser_x264&lt;/video&gt;</p>', '09307896');

-- --------------------------------------------------------

--
-- Table structure for table `category`
--

CREATE TABLE IF NOT EXISTS `category` (
  `cat_id` int(11) NOT NULL,
  `cat_name` varchar(20) NOT NULL
) ENGINE=InnoDB AUTO_INCREMENT=4 DEFAULT CHARSET=latin1;

--
-- Dumping data for table `category`
--

INSERT INTO `category` (`cat_id`, `cat_name`) VALUES
(1, 'Men'),
(2, 'Women'),
(3, 'Mixed');

-- --------------------------------------------------------

--
-- Table structure for table `ci_sessions`
--

CREATE TABLE IF NOT EXISTS `ci_sessions` (
  `id` varchar(40) NOT NULL,
  `ip_address` varchar(45) NOT NULL,
  `timestamp` int(10) unsigned NOT NULL DEFAULT '0',
  `data` blob NOT NULL
) ENGINE=InnoDB DEFAULT CHARSET=latin1;

--
-- Dumping data for table `ci_sessions`
--

INSERT INTO `ci_sessions` (`id`, `ip_address`, `timestamp`, `data`) VALUES
('9cd694322291a0afd50db293ca63f68376300fde', '::1', 1452907453, 0x5f5f63695f6c6173745f726567656e65726174657c693a313435323930373236393b737475645f69647c733a383a223039333037383936223b74696d657c733a31393a22323031362d30312d31362030323a32313a3234223b69735f6c6f676765645f696e7c623a313b),
('e594fcd100598397108d2f768cb0d193d4e8cd90', '::1', 1452907803, 0x5f5f63695f6c6173745f726567656e65726174657c693a313435323930373631353b737475645f69647c733a383a223039333037383936223b74696d657c733a31393a22323031362d30312d31362030323a32313a3234223b69735f6c6f676765645f696e7c623a313b),
('16bc4094ee65fbc6b0a35165ba2a074bff4b1653', '::1', 1452908610, 0x5f5f63695f6c6173745f726567656e65726174657c693a313435323930383332333b737475645f69647c733a383a223039333037383936223b74696d657c733a31393a22323031362d30312d31362030323a32313a3234223b69735f6c6f676765645f696e7c623a313b),
('1bf318873922b71ea071943f18b19751b1fdd575', '::1', 1452909118, 0x5f5f63695f6c6173745f726567656e65726174657c693a313435323930383932303b737475645f69647c733a383a223039333037383936223b74696d657c733a31393a22323031362d30312d31362030323a32313a3234223b69735f6c6f676765645f696e7c623a313b),
('4407ded1f5e1dab6162a5d1007e9d1945f888249', '::1', 1452909278, 0x5f5f63695f6c6173745f726567656e65726174657c693a313435323930393236393b737475645f69647c733a383a223039333037383936223b74696d657c733a31393a22323031362d30312d31362030323a32313a3234223b69735f6c6f676765645f696e7c623a313b),
('3fe8e3709f036f6136cc76e827d3538f36a1c804', '::1', 1452910068, 0x5f5f63695f6c6173745f726567656e65726174657c693a313435323930393939323b737475645f69647c733a383a223039333037383936223b74696d657c733a31393a22323031362d30312d31362030323a32313a3234223b69735f6c6f676765645f696e7c623a313b),
('1311804512baedd12cfc2006f5cdc49787d5af43', '::1', 1452910662, 0x5f5f63695f6c6173745f726567656e65726174657c693a313435323931303630363b737475645f69647c733a383a223039333037383936223b74696d657c733a31393a22323031362d30312d31362030323a32313a3234223b69735f6c6f676765645f696e7c623a313b),
('06cdb4858ac4c7f5d96e70243ba166f7bfed4bee', '::1', 1452911307, 0x5f5f63695f6c6173745f726567656e65726174657c693a313435323931313033323b737475645f69647c733a383a223039333037383936223b74696d657c733a31393a22323031362d30312d31362030323a32313a3234223b69735f6c6f676765645f696e7c623a313b),
('b834834d0295bd6ba42ef8da17d554f30219356c', '::1', 1452911371, 0x5f5f63695f6c6173745f726567656e65726174657c693a313435323931313334373b737475645f69647c733a383a223039333037383936223b74696d657c733a31393a22323031362d30312d31362030323a32313a3234223b69735f6c6f676765645f696e7c623a313b),
('ac9e35111ed8db5f495c277ac67d96b8ffbbc34b', '::1', 1452912228, 0x5f5f63695f6c6173745f726567656e65726174657c693a313435323931313936373b737475645f69647c733a383a223039333037383936223b74696d657c733a31393a22323031362d30312d31362030323a32313a3234223b69735f6c6f676765645f696e7c623a313b),
('b8db42b159c778d7d75506d0b2a138da1707a702', '::1', 1452912599, 0x5f5f63695f6c6173745f726567656e65726174657c693a313435323931323332363b737475645f69647c733a383a223039333037383936223b74696d657c733a31393a22323031362d30312d31362030323a32313a3234223b69735f6c6f676765645f696e7c623a313b),
('5fd570dd694acf062ba9591fb87e7b341afb5e8f', '::1', 1452912660, 0x5f5f63695f6c6173745f726567656e65726174657c693a313435323931323635323b737475645f69647c733a383a223039333037383936223b74696d657c733a31393a22323031362d30312d31362030323a32313a3234223b69735f6c6f676765645f696e7c623a313b),
('b30dc680a2399c945d3641270b96e79a77771dca', '::1', 1452913855, 0x5f5f63695f6c6173745f726567656e65726174657c693a313435323931333732313b737475645f69647c733a383a223039333037383936223b74696d657c733a31393a22323031362d30312d31362030323a32313a3234223b69735f6c6f676765645f696e7c623a313b),
('433afc7a8bdf110aba3b80472a0f304fd380b0a5', '::1', 1452914819, 0x5f5f63695f6c6173745f726567656e65726174657c693a313435323931343732393b737475645f69647c733a383a223039333037383936223b74696d657c733a31393a22323031362d30312d31362030323a32313a3234223b69735f6c6f676765645f696e7c623a313b),
('42ceb1a9e6e0d1c9902540c08a7a1db92f90fb0c', '::1', 1452915523, 0x5f5f63695f6c6173745f726567656e65726174657c693a313435323931353232353b737475645f69647c733a383a223039333037383936223b74696d657c733a31393a22323031362d30312d31362030323a32313a3234223b69735f6c6f676765645f696e7c623a313b),
('407d59b693cfec06eae0474c25b84bf48bbc8442', '::1', 1452915724, 0x5f5f63695f6c6173745f726567656e65726174657c693a313435323931353532363b737475645f69647c733a383a223039333037383936223b74696d657c733a31393a22323031362d30312d31362030323a32313a3234223b69735f6c6f676765645f696e7c623a313b),
('7770cbf2379334db880cd1919524bfabe9fc7d50', '::1', 1452918831, 0x5f5f63695f6c6173745f726567656e65726174657c693a313435323931383830373b737475645f69647c733a383a223039333037383936223b74696d657c733a31393a22323031362d30312d31362030323a32313a3234223b69735f6c6f676765645f696e7c623a313b),
('7b6fb8f52b94ef3b93d1627fc9fa8f7db59dbd04', '::1', 1452929539, 0x5f5f63695f6c6173745f726567656e65726174657c693a313435323932393533383b),
('9b97f45f2d8bc290a8810315b36c7991b589e533', '::1', 1452931069, 0x5f5f63695f6c6173745f726567656e65726174657c693a313435323933303738363b737475645f69647c733a383a223039333037383936223b74696d657c733a31393a22323031362d30312d31362030383a35333a3036223b69735f6c6f676765645f696e7c623a313b),
('56e31e79b3ef3d4867b33cacfad6fa10c36e3587', '::1', 1452931423, 0x5f5f63695f6c6173745f726567656e65726174657c693a313435323933313133383b737475645f69647c733a383a223039333037383936223b74696d657c733a31393a22323031362d30312d31362030383a35333a3036223b69735f6c6f676765645f696e7c623a313b),
('832007f48f5ffd204806a5929a3aa738c7ec6b04', '::1', 1452931541, 0x5f5f63695f6c6173745f726567656e65726174657c693a313435323933313434373b737475645f69647c733a383a223039333037383936223b74696d657c733a31393a22323031362d30312d31362030383a35333a3036223b69735f6c6f676765645f696e7c623a313b),
('6d561f66a1935a78ca989d4d57fc69c6cd96e511', '::1', 1452932142, 0x5f5f63695f6c6173745f726567656e65726174657c693a313435323933313834343b737475645f69647c733a383a223039333037383936223b74696d657c733a31393a22323031362d30312d31362030383a35333a3036223b69735f6c6f676765645f696e7c623a313b),
('051ef508cfe873e56e1b0b862b40fc7f6b1b79ca', '::1', 1452932344, 0x5f5f63695f6c6173745f726567656e65726174657c693a313435323933323136373b737475645f69647c733a383a223039333037383936223b74696d657c733a31393a22323031362d30312d31362030383a35333a3036223b69735f6c6f676765645f696e7c623a313b),
('21d1b3ef2111a3fbeda719a451f5233caa043720', '::1', 1452933647, 0x5f5f63695f6c6173745f726567656e65726174657c693a313435323933333633363b737475645f69647c733a383a223039333037383936223b74696d657c733a31393a22323031362d30312d31362030383a35333a3036223b69735f6c6f676765645f696e7c623a313b),
('1544057df6147ee2d7126ad5e822dd7d636667c3', '::1', 1452942697, 0x5f5f63695f6c6173745f726567656e65726174657c693a313435323934323635333b737475645f69647c733a383a223039333037383936223b74696d657c733a31393a22323031362d30312d31362031323a31313a3336223b69735f6c6f676765645f696e7c623a313b),
('11dbe7285311ea6f7a9827dace8f0ab1f0af71f3', '::1', 1452942654, 0x5f5f63695f6c6173745f726567656e65726174657c693a313435323934323635333b),
('42caa8ff561c0f79c22a017b9b3eaf7465d70a23', '::1', 1452943479, 0x5f5f63695f6c6173745f726567656e65726174657c693a313435323934333139343b737475645f69647c733a383a223039333037383936223b74696d657c733a31393a22323031362d30312d31362031323a31313a3336223b69735f6c6f676765645f696e7c623a313b),
('c8ebeb894aa87f289b24596f1a11c6f027d8e1dc', '::1', 1452943566, 0x5f5f63695f6c6173745f726567656e65726174657c693a313435323934333536353b737475645f69647c733a383a223039333037383936223b74696d657c733a31393a22323031362d30312d31362031323a31313a3336223b69735f6c6f676765645f696e7c623a313b),
('5ec79f40d8beda4c2ca8ef5b6186f136525dac62', '::1', 1452943983, 0x5f5f63695f6c6173745f726567656e65726174657c693a313435323934333938333b),
('f7c2ffb1f43d10e09fc173b8d0b0655044c0029b', '::1', 1453082547, 0x5f5f63695f6c6173745f726567656e65726174657c693a313435333038323337353b737475645f69647c733a383a223039333037383936223b74696d657c733a31393a22323031362d30312d31382030333a30303a3132223b69735f6c6f676765645f696e7c623a313b),
('c6333ecd6ef131643b503fa8df88ec820035ba24', '::1', 1453083746, 0x5f5f63695f6c6173745f726567656e65726174657c693a313435333038333536303b737475645f69647c733a383a223039333037383936223b74696d657c733a31393a22323031362d30312d31382030333a31393a3233223b69735f6c6f676765645f696e7c623a313b),
('9a41614c14bdd7a4c7d0727663e86764037ed02a', '::1', 1453084033, 0x5f5f63695f6c6173745f726567656e65726174657c693a313435333038333933393b737475645f69647c733a383a223039333037383936223b74696d657c733a31393a22323031362d30312d31382030333a31393a3233223b69735f6c6f676765645f696e7c623a313b),
('1a37430e05b0c4e0e7a63bf913ec1de6f0446ac3', '::1', 1453084704, 0x5f5f63695f6c6173745f726567656e65726174657c693a313435333038343730333b737475645f69647c733a383a223039333037383936223b74696d657c733a31393a22323031362d30312d31382030333a31393a3233223b69735f6c6f676765645f696e7c623a313b),
('3e65d694caee2ae5a4fb7b7b7182521421087c24', '::1', 1453101625, 0x5f5f63695f6c6173745f726567656e65726174657c693a313435333130313532373b737475645f69647c733a383a223039333037383936223b74696d657c733a31393a22323031362d30312d31382030383a31393a3232223b69735f6c6f676765645f696e7c623a313b),
('81f0fdb70a1d4be863eb0350b73677159fab0df5', '::1', 1453103241, 0x5f5f63695f6c6173745f726567656e65726174657c693a313435333130333234303b737475645f69647c733a383a223039333037383936223b74696d657c733a31393a22323031362d30312d31382030383a31393a3232223b69735f6c6f676765645f696e7c623a313b),
('2acf912a6d8e196c710032d5edd0b9be8f4a7494', '::1', 1453106579, 0x5f5f63695f6c6173745f726567656e65726174657c693a313435333130363534353b737475645f69647c733a383a223039333037383936223b74696d657c733a31393a22323031362d30312d31382030383a31393a3232223b69735f6c6f676765645f696e7c623a313b),
('cbb487fbf913ebfdee402eb9e6c0918d58f632c6', '::1', 1453114855, 0x5f5f63695f6c6173745f726567656e65726174657c693a313435333131343539303b737475645f69647c733a383a223039333037383936223b74696d657c733a31393a22323031362d30312d31382031313a35363a3333223b69735f6c6f676765645f696e7c623a313b),
('0a75ca63931cb76eefcce6a573b13997195c6b72', '::1', 1453115111, 0x5f5f63695f6c6173745f726567656e65726174657c693a313435333131353030313b737475645f69647c733a383a223039333037383936223b74696d657c733a31393a22323031362d30312d31382031313a35363a3333223b69735f6c6f676765645f696e7c623a313b),
('35e57de8e21f74771a96e19942f2965f6880db61', '::1', 1453115475, 0x5f5f63695f6c6173745f726567656e65726174657c693a313435333131353334383b737475645f69647c733a383a223039333037383936223b74696d657c733a31393a22323031362d30312d31382031313a35363a3333223b69735f6c6f676765645f696e7c623a313b),
('2b3c5cb42a197c5323adc25444f7e8d323401f1e', '::1', 1453118103, 0x5f5f63695f6c6173745f726567656e65726174657c693a313435333131373936383b737475645f69647c733a383a223039333037383936223b74696d657c733a31393a22323031362d30312d31382031313a35363a3333223b69735f6c6f676765645f696e7c623a313b),
('a5cfdfc5b81cb1eaa4fe7106c12be0022d6c11ac', '::1', 1453118458, 0x5f5f63695f6c6173745f726567656e65726174657c693a313435333131383333303b737475645f69647c733a383a223039333037383936223b74696d657c733a31393a22323031362d30312d31382031313a35363a3333223b69735f6c6f676765645f696e7c623a313b),
('1f1d6275cceff56aeed8ed911cb6a805290c6703', '::1', 1453118970, 0x5f5f63695f6c6173745f726567656e65726174657c693a313435333131383638393b737475645f69647c733a383a223039333037383936223b74696d657c733a31393a22323031362d30312d31382031313a35363a3333223b69735f6c6f676765645f696e7c623a313b),
('22e0d0f1ab6494e017bc5a10261936127da53029', '::1', 1453119323, 0x5f5f63695f6c6173745f726567656e65726174657c693a313435333131393037363b737475645f69647c733a383a223039333037383936223b74696d657c733a31393a22323031362d30312d31382031313a35363a3333223b69735f6c6f676765645f696e7c623a313b),
('8e7995576247f0c0dd6a4773265d8097844b85c7', '::1', 1453127114, 0x5f5f63695f6c6173745f726567656e65726174657c693a313435333132373131333b),
('b9ddb07345c4a6023c0063409c1ce13d047e3be9', '::1', 1453128188, 0x5f5f63695f6c6173745f726567656e65726174657c693a313435333132373933393b737475645f69647c733a383a223039333037383936223b74696d657c733a31393a22323031362d30312d31382031353a33383a3539223b69735f6c6f676765645f696e7c623a313b),
('4c88285011fe2bcf979a414e462a7f8a3b958771', '::1', 1453128511, 0x5f5f63695f6c6173745f726567656e65726174657c693a313435333132383336393b737475645f69647c733a383a223039333037383936223b74696d657c733a31393a22323031362d30312d31382031353a33383a3539223b69735f6c6f676765645f696e7c623a313b),
('017ac4a74ca485a02cc869c70d6b0cf8908ffb03', '::1', 1453129311, 0x5f5f63695f6c6173745f726567656e65726174657c693a313435333132393139373b737475645f69647c733a383a223039333037383936223b74696d657c733a31393a22323031362d30312d31382031353a33383a3539223b69735f6c6f676765645f696e7c623a313b),
('b6664e05b3247cb6b8d3557dc9c321be5bb3227a', '::1', 1453129665, 0x5f5f63695f6c6173745f726567656e65726174657c693a313435333132393631393b737475645f69647c733a383a223039333037383936223b74696d657c733a31393a22323031362d30312d31382031353a33383a3539223b69735f6c6f676765645f696e7c623a313b),
('f534bb66bd8f796df2f77eb23855f60373ea360c', '::1', 1453130152, 0x5f5f63695f6c6173745f726567656e65726174657c693a313435333132393932323b737475645f69647c733a383a223039333037383936223b74696d657c733a31393a22323031362d30312d31382031353a33383a3539223b69735f6c6f676765645f696e7c623a313b),
('e4fe2456ebc7a532b23dd2006bf5b69a819924da', '::1', 1453130245, 0x5f5f63695f6c6173745f726567656e65726174657c693a313435333133303233343b737475645f69647c733a383a223039333037383936223b74696d657c733a31393a22323031362d30312d31382031353a33383a3539223b69735f6c6f676765645f696e7c623a313b),
('be017d3d8bf866564a5b9a1e24903e337d137e90', '::1', 1453131074, 0x5f5f63695f6c6173745f726567656e65726174657c693a313435333133313037343b737475645f69647c733a383a223039333037383936223b74696d657c733a31393a22323031362d30312d31382031353a33383a3539223b69735f6c6f676765645f696e7c623a313b),
('2085208d591c5b470ba4fc39e51b7066c1607b7b', '::1', 1453131387, 0x5f5f63695f6c6173745f726567656e65726174657c693a313435333133313338373b737475645f69647c733a383a223039333037383936223b74696d657c733a31393a22323031362d30312d31382031353a33383a3539223b69735f6c6f676765645f696e7c623a313b),
('eccf4b462cc577da09cc4a1b974a25d337a46c6f', '::1', 1453131939, 0x5f5f63695f6c6173745f726567656e65726174657c693a313435333133313933393b737475645f69647c733a383a223039333037383936223b74696d657c733a31393a22323031362d30312d31382031353a33383a3539223b69735f6c6f676765645f696e7c623a313b),
('2ea4970f4a001b436a2a0d310e59a75457fa2e79', '::1', 1453133642, 0x5f5f63695f6c6173745f726567656e65726174657c693a313435333133333634323b737475645f69647c733a383a223039333037383936223b74696d657c733a31393a22323031362d30312d31382031353a33383a3539223b69735f6c6f676765645f696e7c623a313b),
('48b969ec1302189d60672516803be34649967945', '::1', 1453163808, 0x5f5f63695f6c6173745f726567656e65726174657c693a313435333136333532343b737475645f69647c733a383a223039333037383936223b74696d657c733a31393a22323031362d30312d31392030313a33363a3438223b69735f6c6f676765645f696e7c623a313b),
('26729c85108284f4426bb43b9a3ad26463a3e12c', '::1', 1453164045, 0x5f5f63695f6c6173745f726567656e65726174657c693a313435333136343034333b737475645f69647c733a383a223039333037383936223b74696d657c733a31393a22323031362d30312d31392030313a33363a3438223b69735f6c6f676765645f696e7c623a313b),
('782849caee717ada5e0e806f09105fa34de05a57', '::1', 1453179108, 0x5f5f63695f6c6173745f726567656e65726174657c693a313435333137393130373b),
('06087dfa890d1f2ed6be95e47ac27fcb5fca86a0', '::1', 1453185812, 0x5f5f63695f6c6173745f726567656e65726174657c693a313435333138353737393b737475645f69647c733a383a223039333037383936223b74696d657c733a31393a22323031362d30312d31392030373a34333a3231223b69735f6c6f676765645f696e7c623a313b),
('70c048d6d52e1d541f87fb787ce2cb365d1d569f', '::1', 1453186638, 0x5f5f63695f6c6173745f726567656e65726174657c693a313435333138363433363b737475645f69647c733a383a223039333037383936223b74696d657c733a31393a22323031362d30312d31392030373a34333a3231223b69735f6c6f676765645f696e7c623a313b),
('de1a78740241a35eefb9da3e36d5567eb966cafe', '::1', 1453187090, 0x5f5f63695f6c6173745f726567656e65726174657c693a313435333138363739363b737475645f69647c733a383a223039333037383936223b74696d657c733a31393a22323031362d30312d31392030373a34333a3231223b69735f6c6f676765645f696e7c623a313b),
('051fc369dd445f214c7afe17ccd7a1d98f304c46', '::1', 1453187446, 0x5f5f63695f6c6173745f726567656e65726174657c693a313435333138373135343b737475645f69647c733a383a223039333037383936223b74696d657c733a31393a22323031362d30312d31392030373a34333a3231223b69735f6c6f676765645f696e7c623a313b),
('ef767e76ae568cf4129d0c155f3e3f5b5f241d38', '::1', 1453187512, 0x5f5f63695f6c6173745f726567656e65726174657c693a313435333138373531323b737475645f69647c733a383a223039333037383936223b74696d657c733a31393a22323031362d30312d31392030373a34333a3231223b69735f6c6f676765645f696e7c623a313b),
('61f55ec5bb1ad08e204083bfceb6fd290408b3ec', '::1', 1453187997, 0x5f5f63695f6c6173745f726567656e65726174657c693a313435333138373937323b737475645f69647c733a383a223039333037383936223b74696d657c733a31393a22323031362d30312d31392030383a31393a3438223b69735f6c6f676765645f696e7c623a313b),
('cfc9ce7924d294fd44900476b3480c0d25d2be20', '::1', 1453188531, 0x5f5f63695f6c6173745f726567656e65726174657c693a313435333138383435373b737475645f69647c733a383a223039333037383936223b74696d657c733a31393a22323031362d30312d31392030383a31393a3438223b69735f6c6f676765645f696e7c623a313b),
('d5d1af1a3dae786f8a35b1d3fcbc9f74bd091553', '::1', 1453188764, 0x5f5f63695f6c6173745f726567656e65726174657c693a313435333138383736343b737475645f69647c733a383a223039333037383936223b74696d657c733a31393a22323031362d30312d31392030383a31393a3438223b69735f6c6f676765645f696e7c623a313b),
('8550631420caa9d4864bf8b96dfc7a81d26436b8', '::1', 1453189323, 0x5f5f63695f6c6173745f726567656e65726174657c693a313435333138393037313b737475645f69647c733a383a223039333037383936223b74696d657c733a31393a22323031362d30312d31392030383a31393a3438223b69735f6c6f676765645f696e7c623a313b),
('9f6730855d9fa7256323cfcb49adf4322ad74633', '::1', 1453189983, 0x5f5f63695f6c6173745f726567656e65726174657c693a313435333138393738353b737475645f69647c733a383a223039333037383936223b74696d657c733a31393a22323031362d30312d31392030383a31393a3438223b69735f6c6f676765645f696e7c623a313b),
('80fac6a71d6ed9c9e71760229215709aed7e16b0', '::1', 1453190378, 0x5f5f63695f6c6173745f726567656e65726174657c693a313435333139303137363b737475645f69647c733a383a223039333037383936223b74696d657c733a31393a22323031362d30312d31392030383a31393a3438223b69735f6c6f676765645f696e7c623a313b),
('2ca12666760d447f39cb34acc80196e11f3c699e', '::1', 1453190522, 0x5f5f63695f6c6173745f726567656e65726174657c693a313435333139303438313b737475645f69647c733a383a223039333037383936223b74696d657c733a31393a22323031362d30312d31392030383a31393a3438223b69735f6c6f676765645f696e7c623a313b),
('0def84c9343bc6e6ae3a049b55c9ee4eda62bd2d', '::1', 1453190948, 0x5f5f63695f6c6173745f726567656e65726174657c693a313435333139303934383b737475645f69647c733a383a223039333037383936223b74696d657c733a31393a22323031362d30312d31392030383a31393a3438223b69735f6c6f676765645f696e7c623a313b),
('bb49e7477a19c9d0f450b84a7fbf213cab25414d', '::1', 1453282479, 0x5f5f63695f6c6173745f726567656e65726174657c693a313435333238323434303b737475645f69647c733a383a223039333037383936223b74696d657c733a31393a22323031362d30312d32302031303a33343a3036223b69735f6c6f676765645f696e7c623a313b),
('c41b473b22b8f70135c2ffce4c04a2fdee47ca94', '::1', 1453283343, 0x5f5f63695f6c6173745f726567656e65726174657c693a313435333238333135363b737475645f69647c733a383a223039333037383936223b74696d657c733a31393a22323031362d30312d32302031303a33343a3036223b69735f6c6f676765645f696e7c623a313b),
('604c96b9d01078d414942570aa58a7db894c9208', '::1', 1453283815, 0x5f5f63695f6c6173745f726567656e65726174657c693a313435333238333539313b737475645f69647c733a383a223039333037383936223b74696d657c733a31393a22323031362d30312d32302031303a33343a3036223b69735f6c6f676765645f696e7c623a313b),
('1149806f386b12dbc54242a3efa16fbcf92d9190', '::1', 1453284310, 0x5f5f63695f6c6173745f726567656e65726174657c693a313435333238343130343b737475645f69647c733a383a223039333037383936223b74696d657c733a31393a22323031362d30312d32302031303a33343a3036223b69735f6c6f676765645f696e7c623a313b),
('4e6a451526156104ebe389119bb203824a011287', '::1', 1453284621, 0x5f5f63695f6c6173745f726567656e65726174657c693a313435333238343632313b737475645f69647c733a383a223039333037383936223b74696d657c733a31393a22323031362d30312d32302031303a33343a3036223b69735f6c6f676765645f696e7c623a313b),
('5f71a530424753770c245758c3b179fcf82de7d8', '::1', 1453288852, 0x5f5f63695f6c6173745f726567656e65726174657c693a313435333238383733303b737475645f69647c733a383a223039333037383936223b74696d657c733a31393a22323031362d30312d32302031323a31383a3532223b69735f6c6f676765645f696e7c623a313b),
('2ee4aa83bbd116de7a0a314353b9dd1773dc0075', '::1', 1453301087, 0x5f5f63695f6c6173745f726567656e65726174657c693a313435333330313037343b737475645f69647c733a383a223039333037383936223b74696d657c733a31393a22323031362d30312d32302031353a34343a3337223b69735f6c6f676765645f696e7c623a313b),
('c2dfdd591b023dbb45026646fcd40ed1b59cf3e0', '::1', 1453303187, 0x5f5f63695f6c6173745f726567656e65726174657c693a313435333330333138373b737475645f69647c733a383a223039333037383936223b74696d657c733a31393a22323031362d30312d32302031353a34343a3337223b69735f6c6f676765645f696e7c623a313b),
('cedc268a9e08edd4303fe2667be19e63042628b5', '::1', 1453353788, 0x5f5f63695f6c6173745f726567656e65726174657c693a313435333335333439373b737475645f69647c733a383a223039333037383936223b74696d657c733a31393a22323031362d30312d32312030363a31383a3231223b69735f6c6f676765645f696e7c623a313b),
('221903f9900d19f961e2133c23d93bba5d1da699', '::1', 1453353866, 0x5f5f63695f6c6173745f726567656e65726174657c693a313435333335333833333b737475645f69647c733a383a223039333037383936223b74696d657c733a31393a22323031362d30312d32312030363a31383a3231223b69735f6c6f676765645f696e7c623a313b),
('bbd15d2e6972062458dd4efa4dd131e04e493634', '::1', 1453354437, 0x5f5f63695f6c6173745f726567656e65726174657c693a313435333335343232323b737475645f69647c733a383a223039333037383936223b74696d657c733a31393a22323031362d30312d32312030363a31383a3231223b69735f6c6f676765645f696e7c623a313b),
('d3d6fcdfd450c28703de61a441d30e6873a01390', '::1', 1453354711, 0x5f5f63695f6c6173745f726567656e65726174657c693a313435333335343731313b737475645f69647c733a383a223039333037383936223b74696d657c733a31393a22323031362d30312d32312030363a31383a3231223b69735f6c6f676765645f696e7c623a313b),
('569ad58ee9595d610b8b8907b920f18cb3bf43aa', '::1', 1453355451, 0x5f5f63695f6c6173745f726567656e65726174657c693a313435333335353435313b737475645f69647c733a383a223039333037383936223b74696d657c733a31393a22323031362d30312d32312030363a31383a3231223b69735f6c6f676765645f696e7c623a313b),
('bf6f2e9d798d46e64973f8c0de350d4ca48b9b79', '::1', 1453356445, 0x5f5f63695f6c6173745f726567656e65726174657c693a313435333335363434353b737475645f69647c733a383a223039333037383936223b74696d657c733a31393a22323031362d30312d32312030363a31383a3231223b69735f6c6f676765645f696e7c623a313b),
('f4ed6bda8be7d1c5b8a3b0e89867076207e6ebb5', '::1', 1453357671, 0x5f5f63695f6c6173745f726567656e65726174657c693a313435333335373432383b737475645f69647c733a383a223039333037383936223b74696d657c733a31393a22323031362d30312d32312030363a31383a3231223b69735f6c6f676765645f696e7c623a313b),
('b8176bc5d65eb93c7cdb3bba5ffafcab77cd9365', '::1', 1453358125, 0x5f5f63695f6c6173745f726567656e65726174657c693a313435333335373838313b737475645f69647c733a383a223039333037383936223b74696d657c733a31393a22323031362d30312d32312030363a31383a3231223b69735f6c6f676765645f696e7c623a313b),
('a3a1a7be734f22cd7086f8311cebdf1ee3a73952', '::1', 1453358413, 0x5f5f63695f6c6173745f726567656e65726174657c693a313435333335383233383b737475645f69647c733a383a223039333037383936223b74696d657c733a31393a22323031362d30312d32312030363a31383a3231223b69735f6c6f676765645f696e7c623a313b),
('4fdf6fa69aadd7f006fe3b51d99a76545a69578a', '::1', 1453359126, 0x5f5f63695f6c6173745f726567656e65726174657c693a313435333335383833393b737475645f69647c733a383a223039333037383936223b74696d657c733a31393a22323031362d30312d32312030363a31383a3231223b69735f6c6f676765645f696e7c623a313b),
('bb6c12980796c06a16313ef70dde7045c9df76b2', '::1', 1453359406, 0x5f5f63695f6c6173745f726567656e65726174657c693a313435333335393137353b737475645f69647c733a383a223039333037383936223b74696d657c733a31393a22323031362d30312d32312030363a31383a3231223b69735f6c6f676765645f696e7c623a313b),
('2489d35d34275d8225763bf0c436933814908104', '::1', 1453362721, 0x5f5f63695f6c6173745f726567656e65726174657c693a313435333336323536343b737475645f69647c733a383a223039333037383936223b74696d657c733a31393a22323031362d30312d32312030383a34393a3238223b69735f6c6f676765645f696e7c623a313b),
('882944c7137db33339c17155443a4e139c12d560', '::1', 1453362991, 0x5f5f63695f6c6173745f726567656e65726174657c693a313435333336323932333b737475645f69647c733a383a223039333037383936223b74696d657c733a31393a22323031362d30312d32312030383a35353a3237223b69735f6c6f676765645f696e7c623a313b),
('dadbe09782d4bdbccf4c6ae8db4cd0d71da8dc9a', '::1', 1453555976, 0x5f5f63695f6c6173745f726567656e65726174657c693a313435333535353932333b737475645f69647c733a383a223039333037383936223b74696d657c733a31393a22323031362d30312d32332031343a33323a3036223b69735f6c6f676765645f696e7c623a313b),
('46328fc21c8e1e233ae75e15263724c665f01b51', '::1', 1453560474, 0x5f5f63695f6c6173745f726567656e65726174657c693a313435333536303431313b737475645f69647c733a383a223039333037383936223b74696d657c733a31393a22323031362d30312d32332031343a33323a3036223b69735f6c6f676765645f696e7c623a313b),
('4cf7a0e649e70cec8e478ffa36461c05731a2555', '::1', 1453562032, 0x5f5f63695f6c6173745f726567656e65726174657c693a313435333536313734353b737475645f69647c733a383a223039333037383936223b74696d657c733a31393a22323031362d30312d32332031363a30393a3038223b69735f6c6f676765645f696e7c623a313b),
('693542b310f5415870320c7183eb2a0c1ee40865', '::1', 1453562501, 0x5f5f63695f6c6173745f726567656e65726174657c693a313435333536323232393b737475645f69647c733a383a223039333037383936223b74696d657c733a31393a22323031362d30312d32332031363a30393a3038223b69735f6c6f676765645f696e7c623a313b),
('91127ed16a079c7c19a845cd93dc1c091d5b3b66', '::1', 1453562551, 0x5f5f63695f6c6173745f726567656e65726174657c693a313435333536323535313b737475645f69647c733a383a223039333037383936223b74696d657c733a31393a22323031362d30312d32332031363a30393a3038223b69735f6c6f676765645f696e7c623a313b),
('6fb9ea237fc648c96eb8863c95895d9ce346bb37', '::1', 1453711721, 0x5f5f63695f6c6173745f726567656e65726174657c693a313435333731313732303b),
('847770419ac7a8e7bcbfc4153a1c61a9672a5c50', '::1', 1453730473, 0x5f5f63695f6c6173745f726567656e65726174657c693a313435333733303435363b737475645f69647c733a383a223039333037383936223b74696d657c733a31393a22323031362d30312d32352031353a30313a3033223b69735f6c6f676765645f696e7c623a313b),
('c7afac622e7fc0b6325afadc0f4625a27b69fa15', '::1', 1453864445, 0x5f5f63695f6c6173745f726567656e65726174657c693a313435333836343434353b),
('78879f91befd8a111d8ef2bc2ee27912208c8728', '::1', 1453883014, 0x5f5f63695f6c6173745f726567656e65726174657c693a313435333838323735363b737475645f69647c733a383a223039333037383936223b74696d657c733a31393a22323031362d30312d32372030393a32333a3139223b69735f6c6f676765645f696e7c623a313b),
('03ca464d48b07e494a9c0faf0004691de64b5e77', '::1', 1453884006, 0x5f5f63695f6c6173745f726567656e65726174657c693a313435333838333932353b737475645f69647c733a383a223039333037383936223b74696d657c733a31393a22323031362d30312d32372030393a32333a3139223b69735f6c6f676765645f696e7c623a313b),
('9bfc60da141621c3c9564c0e6fb90dc4e96fa9c2', '::1', 1453884518, 0x5f5f63695f6c6173745f726567656e65726174657c693a313435333838343433383b737475645f69647c733a383a223039333037383936223b74696d657c733a31393a22323031362d30312d32372030393a32333a3139223b69735f6c6f676765645f696e7c623a313b),
('bea1bf991bb583f15581eff71609c8fae52c3d30', '::1', 1453884985, 0x5f5f63695f6c6173745f726567656e65726174657c693a313435333838343739333b737475645f69647c733a383a223039333037383936223b74696d657c733a31393a22323031362d30312d32372030393a32333a3139223b69735f6c6f676765645f696e7c623a313b),
('07cb6e18adfb42fbfd663713351e3216736f6ffb', '::1', 1453885416, 0x5f5f63695f6c6173745f726567656e65726174657c693a313435333838353134393b737475645f69647c733a383a223039333037383936223b74696d657c733a31393a22323031362d30312d32372030393a32333a3139223b69735f6c6f676765645f696e7c623a313b),
('18436520c8b16fe2c4e2cd0c809d1d9965d5afeb', '::1', 1453885457, 0x5f5f63695f6c6173745f726567656e65726174657c693a313435333838353435373b737475645f69647c733a383a223039333037383936223b74696d657c733a31393a22323031362d30312d32372030393a32333a3139223b69735f6c6f676765645f696e7c623a313b),
('902a2cef0345ead7362cc4bd82fba5ec60533cf3', '::1', 1453886200, 0x5f5f63695f6c6173745f726567656e65726174657c693a313435333838363031313b737475645f69647c733a383a223039333037383936223b74696d657c733a31393a22323031362d30312d32372030393a32333a3139223b69735f6c6f676765645f696e7c623a313b),
('bb1bc0e1fcbadd542aa1ceb888bd9455d793b28c', '::1', 1453887219, 0x5f5f63695f6c6173745f726567656e65726174657c693a313435333838373036313b737475645f69647c733a383a223039333037383936223b74696d657c733a31393a22323031362d30312d32372030393a32333a3139223b69735f6c6f676765645f696e7c623a313b),
('13be7ab928de8d1e057c1b06937f5a576f8b0042', '::1', 1453888802, 0x5f5f63695f6c6173745f726567656e65726174657c693a313435333838383830323b737475645f69647c733a383a223039333037383936223b74696d657c733a31393a22323031362d30312d32372030393a32333a3139223b69735f6c6f676765645f696e7c623a313b),
('1b77a4fe230331bb351f60095bc3964d7338df99', '::1', 1453889478, 0x5f5f63695f6c6173745f726567656e65726174657c693a313435333838393331323b737475645f69647c733a383a223039333037383936223b74696d657c733a31393a22323031362d30312d32372030393a32333a3139223b69735f6c6f676765645f696e7c623a313b),
('c0fa54c45c004fa25bed7669805c4885d08937eb', '::1', 1453890488, 0x5f5f63695f6c6173745f726567656e65726174657c693a313435333839303438383b737475645f69647c733a383a223039333037383936223b74696d657c733a31393a22323031362d30312d32372030393a32333a3139223b69735f6c6f676765645f696e7c623a313b),
('67a21f03a62a58f7fdd6eb587e12f7ca1df49898', '::1', 1453893981, 0x5f5f63695f6c6173745f726567656e65726174657c693a313435333839333735353b737475645f69647c733a383a223039333037383936223b74696d657c733a31393a22323031362d30312d32372030393a32333a3139223b69735f6c6f676765645f696e7c623a313b),
('d897d6ac1987ffb60fdc44484e679b859a18dab9', '::1', 1453894360, 0x5f5f63695f6c6173745f726567656e65726174657c693a313435333839343131393b737475645f69647c733a383a223039333037383936223b74696d657c733a31393a22323031362d30312d32372030393a32333a3139223b69735f6c6f676765645f696e7c623a313b),
('63ed3d5c231020503c5cdd1091457562b3bd87ab', '::1', 1453894599, 0x5f5f63695f6c6173745f726567656e65726174657c693a313435333839343432373b737475645f69647c733a383a223039333037383936223b74696d657c733a31393a22323031362d30312d32372030393a32333a3139223b69735f6c6f676765645f696e7c623a313b),
('38be186b6e8297f1f5978d58523eeba0aee677f5', '::1', 1453894996, 0x5f5f63695f6c6173745f726567656e65726174657c693a313435333839343736373b737475645f69647c733a383a223039333037383936223b74696d657c733a31393a22323031362d30312d32372030393a32333a3139223b69735f6c6f676765645f696e7c623a313b),
('190927f60c993c0ea6772012f58d1a6154bd6942', '::1', 1453895426, 0x5f5f63695f6c6173745f726567656e65726174657c693a313435333839353235363b737475645f69647c733a383a223039333037383936223b74696d657c733a31393a22323031362d30312d32372030393a32333a3139223b69735f6c6f676765645f696e7c623a313b),
('2824f920b54293414bdcbf948b95ddf41a3fe29b', '::1', 1453895964, 0x5f5f63695f6c6173745f726567656e65726174657c693a313435333839353737363b737475645f69647c733a383a223039333037383936223b74696d657c733a31393a22323031362d30312d32372030393a32333a3139223b69735f6c6f676765645f696e7c623a313b),
('2896b5cfa96b6258d01eb232888c2a418f558d3f', '::1', 1453904980, 0x5f5f63695f6c6173745f726567656e65726174657c693a313435333930343736323b737475645f69647c733a383a223039333037383936223b74696d657c733a31393a22323031362d30312d32372031353a32383a3533223b69735f6c6f676765645f696e7c623a313b),
('53c50bd324d65e5d4523690f341da47a52cf3335', '::1', 1453905132, 0x5f5f63695f6c6173745f726567656e65726174657c693a313435333930353131373b737475645f69647c733a383a223039333037383936223b74696d657c733a31393a22323031362d30312d32372031353a32383a3533223b69735f6c6f676765645f696e7c623a313b),
('1405d0adbccd9c9b91d6eedce114166304592a0b', '::1', 1453906859, 0x5f5f63695f6c6173745f726567656e65726174657c693a313435333930363830363b737475645f69647c733a383a223039333037383936223b74696d657c733a31393a22323031362d30312d32372031353a32383a3533223b69735f6c6f676765645f696e7c623a313b),
('d15600e28d400a5a5c52b0808d1d15a20f80bfb0', '::1', 1453907669, 0x5f5f63695f6c6173745f726567656e65726174657c693a313435333930373435333b737475645f69647c733a383a223039333037383936223b74696d657c733a31393a22323031362d30312d32372031353a32383a3533223b69735f6c6f676765645f696e7c623a313b),
('c2cb3c1a171a58a37a03eb826980f507b9850ddf', '::1', 1453907868, 0x5f5f63695f6c6173745f726567656e65726174657c693a313435333930373736303b737475645f69647c733a383a223039333037383936223b74696d657c733a31393a22323031362d30312d32372031353a32383a3533223b69735f6c6f676765645f696e7c623a313b),
('ea2f076f4ccd6c7c0cde98015b363a20e6944cc9', '::1', 1453908388, 0x5f5f63695f6c6173745f726567656e65726174657c693a313435333930383337323b737475645f69647c733a383a223039333037383936223b74696d657c733a31393a22323031362d30312d32372031353a32383a3533223b69735f6c6f676765645f696e7c623a313b),
('d4118b1952243214dc06ab1b7d51dc19681cc7bf', '::1', 1453909718, 0x5f5f63695f6c6173745f726567656e65726174657c693a313435333930393637313b737475645f69647c733a383a223039333037383936223b74696d657c733a31393a22323031362d30312d32372031353a32383a3533223b69735f6c6f676765645f696e7c623a313b),
('44326e3a069e94ffac9dc6627aa08e5317cdda74', '::1', 1453965545, 0x5f5f63695f6c6173745f726567656e65726174657c693a313435333936353236343b737475645f69647c733a383a223039333037383936223b74696d657c733a31393a22323031362d30312d32382030383a31383a3535223b69735f6c6f676765645f696e7c623a313b),
('b4bc48b125059d8d0c19c2c5c2f7c51fa9962623', '::1', 1453965609, 0x5f5f63695f6c6173745f726567656e65726174657c693a313435333936353539383b737475645f69647c733a383a223039333037383936223b74696d657c733a31393a22323031362d30312d32382030383a31383a3535223b69735f6c6f676765645f696e7c623a313b),
('4b19c9028ee49c3f02f46a740ab14cbb49c60901', '::1', 1453966878, 0x5f5f63695f6c6173745f726567656e65726174657c693a313435333936363731323b737475645f69647c733a383a223039333037383936223b74696d657c733a31393a22323031362d30312d32382030383a31383a3535223b69735f6c6f676765645f696e7c623a313b),
('669ace2946edcf6b259ce72784d8a3b38bd9eb78', '::1', 1453968503, 0x5f5f63695f6c6173745f726567656e65726174657c693a313435333936383530313b737475645f69647c733a383a223039333037383936223b74696d657c733a31393a22323031362d30312d32382030383a31383a3535223b69735f6c6f676765645f696e7c623a313b),
('c3b5e3eff2259698c2d5cc8935b239941dd101b5', '::1', 1453970938, 0x5f5f63695f6c6173745f726567656e65726174657c693a313435333937303635343b737475645f69647c733a383a223039333037383936223b74696d657c733a31393a22323031362d30312d32382030383a31383a3535223b69735f6c6f676765645f696e7c623a313b),
('618b166e59ea46b87669f5c4d811273d28d8534f', '::1', 1453971120, 0x5f5f63695f6c6173745f726567656e65726174657c693a313435333937313036313b737475645f69647c733a383a223039333037383936223b74696d657c733a31393a22323031362d30312d32382030383a31383a3535223b69735f6c6f676765645f696e7c623a313b),
('dd2519f392912febf8ba055c19b6c53431c68038', '::1', 1453971764, 0x5f5f63695f6c6173745f726567656e65726174657c693a313435333937313731383b737475645f69647c733a383a223039333037383936223b74696d657c733a31393a22323031362d30312d32382030383a31383a3535223b69735f6c6f676765645f696e7c623a313b),
('22216fa118cd63acecc7776841e1c003b2d99b17', '::1', 1453972674, 0x5f5f63695f6c6173745f726567656e65726174657c693a313435333937323433393b737475645f69647c733a383a223039333037383936223b74696d657c733a31393a22323031362d30312d32382030383a31383a3535223b69735f6c6f676765645f696e7c623a313b),
('a41980eeb31a5ecf29a2fd945bc1fb52467ef1bf', '::1', 1453973100, 0x5f5f63695f6c6173745f726567656e65726174657c693a313435333937323832363b737475645f69647c733a383a223039333037383936223b74696d657c733a31393a22323031362d30312d32382030383a31383a3535223b69735f6c6f676765645f696e7c623a313b),
('88304c0c44b238a614fb14de6b992301524bbba3', '::1', 1453973307, 0x5f5f63695f6c6173745f726567656e65726174657c693a313435333937333132383b737475645f69647c733a383a223039333037383936223b74696d657c733a31393a22323031362d30312d32382030383a31383a3535223b69735f6c6f676765645f696e7c623a313b),
('241ae057f21c6a8e9d30f9681e27c7fc699d154e', '::1', 1453973757, 0x5f5f63695f6c6173745f726567656e65726174657c693a313435333937333438393b737475645f69647c733a383a223039333037383936223b74696d657c733a31393a22323031362d30312d32382030383a31383a3535223b69735f6c6f676765645f696e7c623a313b),
('3008a82e0479c4f242a46ce40e77cc67c5b5e8a6', '::1', 1453974039, 0x5f5f63695f6c6173745f726567656e65726174657c693a313435333937333830353b737475645f69647c733a383a223039333037383936223b74696d657c733a31393a22323031362d30312d32382030383a31383a3535223b69735f6c6f676765645f696e7c623a313b),
('d607750a503154d170468bcfb20eb8c432df557b', '::1', 1453974421, 0x5f5f63695f6c6173745f726567656e65726174657c693a313435333937343133393b737475645f69647c733a383a223039333037383936223b74696d657c733a31393a22323031362d30312d32382030383a31383a3535223b69735f6c6f676765645f696e7c623a313b),
('7464fa170dcb405362e019ea93c5a2352628de66', '::1', 1453974558, 0x5f5f63695f6c6173745f726567656e65726174657c693a313435333937343535383b737475645f69647c733a383a223039333037383936223b74696d657c733a31393a22323031362d30312d32382030383a31383a3535223b69735f6c6f676765645f696e7c623a313b),
('5e7ce8fd8a29261c57d0a60e315195ac9ceefb11', '::1', 1453975305, 0x5f5f63695f6c6173745f726567656e65726174657c693a313435333937353030353b737475645f69647c733a383a223039333037383936223b74696d657c733a31393a22323031362d30312d32382030383a31383a3535223b69735f6c6f676765645f696e7c623a313b),
('84cc33c5452ec4e54690a4da49a6fd2b6f64ea02', '::1', 1453975604, 0x5f5f63695f6c6173745f726567656e65726174657c693a313435333937353336353b737475645f69647c733a383a223039333037383936223b74696d657c733a31393a22323031362d30312d32382030383a31383a3535223b69735f6c6f676765645f696e7c623a313b),
('f28cb249318ff5432e74fb535f551773a0633ca0', '::1', 1453975887, 0x5f5f63695f6c6173745f726567656e65726174657c693a313435333937353733303b737475645f69647c733a383a223039333037383936223b74696d657c733a31393a22323031362d30312d32382030383a31383a3535223b69735f6c6f676765645f696e7c623a313b),
('75b7bfc1ae7c4bd09f55a41e1ae181bb69abce92', '::1', 1453976039, 0x5f5f63695f6c6173745f726567656e65726174657c693a313435333937363033363b737475645f69647c733a383a223039333037383936223b74696d657c733a31393a22323031362d30312d32382030383a31383a3535223b69735f6c6f676765645f696e7c623a313b),
('9bbf0a4158008d9a85b6d32b78c192dc02d741ca', '::1', 1453989435, 0x5f5f63695f6c6173745f726567656e65726174657c693a313435333938393236383b737475645f69647c733a383a223039333037383936223b74696d657c733a31393a22323031362d30312d32382031343a35343a3338223b69735f6c6f676765645f696e7c623a313b),
('698e3d1953cd745f087b9b1735e1a1be13634fe4', '::1', 1453989771, 0x5f5f63695f6c6173745f726567656e65726174657c693a313435333938393630383b737475645f69647c733a383a223039333037383936223b74696d657c733a31393a22323031362d30312d32382031343a35343a3338223b69735f6c6f676765645f696e7c623a313b),
('cf4150a5d7d72a0d757b293ffff089e95fc5467c', '::1', 1453990146, 0x5f5f63695f6c6173745f726567656e65726174657c693a313435333938393933363b737475645f69647c733a383a223039333037383936223b74696d657c733a31393a22323031362d30312d32382031343a35343a3338223b69735f6c6f676765645f696e7c623a313b),
('e511bca9e93cc4b8bb5059ea30b5e3d94b51a72c', '::1', 1453990374, 0x5f5f63695f6c6173745f726567656e65726174657c693a313435333939303332333b737475645f69647c733a383a223039333037383936223b74696d657c733a31393a22323031362d30312d32382031343a35343a3338223b69735f6c6f676765645f696e7c623a313b),
('c91d347b38fe033d1484efb1abc75ebbe0e9dcad', '::1', 1453990866, 0x5f5f63695f6c6173745f726567656e65726174657c693a313435333939303830373b737475645f69647c733a383a223039333037383936223b74696d657c733a31393a22323031362d30312d32382031343a35343a3338223b69735f6c6f676765645f696e7c623a313b),
('23a8fb3b1384c9ce52d05694063d9650a05d0550', '::1', 1453991381, 0x5f5f63695f6c6173745f726567656e65726174657c693a313435333939313132303b737475645f69647c733a383a223039333037383936223b74696d657c733a31393a22323031362d30312d32382031343a35343a3338223b69735f6c6f676765645f696e7c623a313b),
('f5e1b8245574769f580313804029a97d16e8e0ec', '::1', 1453991620, 0x5f5f63695f6c6173745f726567656e65726174657c693a313435333939313432313b737475645f69647c733a383a223039333037383936223b74696d657c733a31393a22323031362d30312d32382031343a35343a3338223b69735f6c6f676765645f696e7c623a313b),
('022c7861ed06284cb9dfe04e0eb9c6a4441b11be', '::1', 1453991940, 0x5f5f63695f6c6173745f726567656e65726174657c693a313435333939313737363b737475645f69647c733a383a223039333037383936223b74696d657c733a31393a22323031362d30312d32382031343a35343a3338223b69735f6c6f676765645f696e7c623a313b),
('baf331ecaf8cc60625cf0211307476d9ad662c6e', '::1', 1453992295, 0x5f5f63695f6c6173745f726567656e65726174657c693a313435333939323238313b737475645f69647c733a383a223039333037383936223b74696d657c733a31393a22323031362d30312d32382031343a35343a3338223b69735f6c6f676765645f696e7c623a313b),
('ee390aaea8efae82f9294b0ebc71498fcd8ca0a7', '::1', 1453993912, 0x5f5f63695f6c6173745f726567656e65726174657c693a313435333939333831333b737475645f69647c733a383a223039333037383936223b74696d657c733a31393a22323031362d30312d32382031343a35343a3338223b69735f6c6f676765645f696e7c623a313b),
('94356c52338587ffdca97b0d4ead8cc2b957d0d8', '::1', 1453994480, 0x5f5f63695f6c6173745f726567656e65726174657c693a313435333939343438303b737475645f69647c733a383a223039333037383936223b74696d657c733a31393a22323031362d30312d32382031343a35343a3338223b69735f6c6f676765645f696e7c623a313b),
('ec8ec919e045f2ec774875d2f3e47d7089a37ca8', '::1', 1453996884, 0x5f5f63695f6c6173745f726567656e65726174657c693a313435333939363539383b737475645f69647c733a383a223039333037383936223b74696d657c733a31393a22323031362d30312d32382031343a35343a3338223b69735f6c6f676765645f696e7c623a313b),
('67972ebd1d5da72d1b14f85cbc4b82b404c84ae8', '::1', 1453997140, 0x5f5f63695f6c6173745f726567656e65726174657c693a313435333939363931373b737475645f69647c733a383a223039333037383936223b74696d657c733a31393a22323031362d30312d32382031343a35343a3338223b69735f6c6f676765645f696e7c623a313b),
('e477d31338566572637e0ed74a367abe4a92814c', '::1', 1453997225, 0x5f5f63695f6c6173745f726567656e65726174657c693a313435333939373232353b737475645f69647c733a383a223039333037383936223b74696d657c733a31393a22323031362d30312d32382031343a35343a3338223b69735f6c6f676765645f696e7c623a313b),
('d46226123dceff6a5acab27fb837d7dafe45c6ff', '::1', 1453997959, 0x5f5f63695f6c6173745f726567656e65726174657c693a313435333939373638333b737475645f69647c733a383a223039333037383936223b74696d657c733a31393a22323031362d30312d32382031343a35343a3338223b69735f6c6f676765645f696e7c623a313b),
('6af5ec0bbf1d31c4f0a5c520165ad9e2123b9c3e', '::1', 1453998274, 0x5f5f63695f6c6173745f726567656e65726174657c693a313435333939373939343b737475645f69647c733a383a223039333037383936223b74696d657c733a31393a22323031362d30312d32382031343a35343a3338223b69735f6c6f676765645f696e7c623a313b),
('11debb5f55592f81226cad77ee98f3aba64c7f5b', '::1', 1453999168, 0x5f5f63695f6c6173745f726567656e65726174657c693a313435333939393035313b737475645f69647c733a383a223039333037383936223b74696d657c733a31393a22323031362d30312d32382031343a35343a3338223b69735f6c6f676765645f696e7c623a313b),
('86eb6d060f0ee50a6de70c549f98ecedbe9059dd', '::1', 1453999752, 0x5f5f63695f6c6173745f726567656e65726174657c693a313435333939393730333b737475645f69647c733a383a223039333037383936223b74696d657c733a31393a22323031362d30312d32382031343a35343a3338223b69735f6c6f676765645f696e7c623a313b),
('19db5cd6c4e00b32b2bf86b9b1ab83d76aa688aa', '::1', 1454030035, 0x5f5f63695f6c6173745f726567656e65726174657c693a313435343033303031333b737475645f69647c733a383a223039333037383936223b74696d657c733a31393a22323031362d30312d32392030323a31333a3337223b69735f6c6f676765645f696e7c623a313b),
('08c0c24d12262d4646a7522ea0eec362d3962fdb', '::1', 1454033078, 0x5f5f63695f6c6173745f726567656e65726174657c693a313435343033323834313b737475645f69647c733a383a223039333037383936223b74696d657c733a31393a22323031362d30312d32392030323a31333a3337223b69735f6c6f676765645f696e7c623a313b),
('7c730861013a2e4d80750b4eb87b8596611f618a', '::1', 1454033224, 0x5f5f63695f6c6173745f726567656e65726174657c693a313435343033333232343b737475645f69647c733a383a223039333037383936223b74696d657c733a31393a22323031362d30312d32392030323a31333a3337223b69735f6c6f676765645f696e7c623a313b),
('71c753b31adb2f6f05d4aaa07bb734db0ebb3068', '::1', 1454033956, 0x5f5f63695f6c6173745f726567656e65726174657c693a313435343033333738373b737475645f69647c733a383a223039333037383936223b74696d657c733a31393a22323031362d30312d32392030323a31333a3337223b69735f6c6f676765645f696e7c623a313b),
('e558f6b5a1d59429eed01ecc5bbdf19827075ee8', '::1', 1454038812, 0x5f5f63695f6c6173745f726567656e65726174657c693a313435343033383734333b737475645f69647c733a383a223039333037383936223b74696d657c733a31393a22323031362d30312d32392030323a31333a3337223b69735f6c6f676765645f696e7c623a313b),
('0e10ad5eab0f44571495ceb156d6df384c71d803', '::1', 1454039272, 0x5f5f63695f6c6173745f726567656e65726174657c693a313435343033393134343b737475645f69647c733a383a223039333037383936223b74696d657c733a31393a22323031362d30312d32392030323a31333a3337223b69735f6c6f676765645f696e7c623a313b),
('662aed83f4d55de97c510072b114be42f84d05cf', '::1', 1454040286, 0x5f5f63695f6c6173745f726567656e65726174657c693a313435343034303233333b737475645f69647c733a383a223039333037383936223b74696d657c733a31393a22323031362d30312d32392030323a31333a3337223b69735f6c6f676765645f696e7c623a313b),
('fbe373c2d5467b224683d55a8cd1b8ba5333dda4', '::1', 1454040802, 0x5f5f63695f6c6173745f726567656e65726174657c693a313435343034303536363b737475645f69647c733a383a223039333037383936223b74696d657c733a31393a22323031362d30312d32392030323a31333a3337223b69735f6c6f676765645f696e7c623a313b),
('1e2d6f94e60d63247ee4da599a705c47fe399b1b', '::1', 1454041504, 0x5f5f63695f6c6173745f726567656e65726174657c693a313435343034313231303b737475645f69647c733a383a223039333037383936223b74696d657c733a31393a22323031362d30312d32392030323a31333a3337223b69735f6c6f676765645f696e7c623a313b),
('69151fab5a5df070c9d187c882d92420d77bdb9d', '::1', 1454041577, 0x5f5f63695f6c6173745f726567656e65726174657c693a313435343034313537363b737475645f69647c733a383a223039333037383936223b74696d657c733a31393a22323031362d30312d32392030323a31333a3337223b69735f6c6f676765645f696e7c623a313b),
('bfab3b8038006228c2315accda8427a0cf4b185d', '::1', 1454042046, 0x5f5f63695f6c6173745f726567656e65726174657c693a313435343034323034363b737475645f69647c733a383a223039333037383936223b74696d657c733a31393a22323031362d30312d32392030323a31333a3337223b69735f6c6f676765645f696e7c623a313b),
('c4ca1ca91cbdd7a30f11d13ed3ada6baebff4461', '::1', 1454074272, 0x5f5f63695f6c6173745f726567656e65726174657c693a313435343037343237323b),
('30757434a033569f9af7858cbffca56ed5c54ee3', '::1', 1454074405, 0x5f5f63695f6c6173745f726567656e65726174657c693a313435343037343239353b737475645f69647c733a383a223039333037383936223b74696d657c733a31393a22323031362d30312d32392031343a33313a3436223b69735f6c6f676765645f696e7c623a313b),
('19d6cc4e2f3d5ffde0c8f1d9c19bcd21452fbedd', '::1', 1454074979, 0x5f5f63695f6c6173745f726567656e65726174657c693a313435343037343930313b737475645f69647c733a383a223039333037383936223b74696d657c733a31393a22323031362d30312d32392031343a33313a3436223b69735f6c6f676765645f696e7c623a313b),
('560c3c08be11e2ba18dd69577d073227638bd011', '::1', 1454137100, 0x5f5f63695f6c6173745f726567656e65726174657c693a313435343133363838373b),
('49bb9a556828f31edfde81662bba02657362df47', '::1', 1454304168, 0x5f5f63695f6c6173745f726567656e65726174657c693a313435343330333930373b737475645f69647c733a383a223039333037383936223b74696d657c733a31393a22323031362d30322d30312030363a31393a3438223b69735f6c6f676765645f696e7c623a313b),
('1a5da83b89219f44508e2263486f872a523c4519', '::1', 1454304610, 0x5f5f63695f6c6173745f726567656e65726174657c693a313435343330343331363b737475645f69647c733a383a223039333037383936223b74696d657c733a31393a22323031362d30322d30312030363a31393a3438223b69735f6c6f676765645f696e7c623a313b),
('09beb0baba512330b4ab3509101fe756ce73ecdd', '::1', 1454306291, 0x5f5f63695f6c6173745f726567656e65726174657c693a313435343330363239303b737475645f69647c733a383a223039333037383936223b74696d657c733a31393a22323031362d30322d30312030363a31393a3438223b69735f6c6f676765645f696e7c623a313b),
('a4a58b908cb65cf7d80ebc3da9a8988ed406795f', '::1', 1454306878, 0x5f5f63695f6c6173745f726567656e65726174657c693a313435343330363738353b737475645f69647c733a383a223039333037383936223b74696d657c733a31393a22323031362d30322d30312030363a31393a3438223b69735f6c6f676765645f696e7c623a313b),
('9ed9a6e1e48014a5096f142eb447ac27c628c9ea', '::1', 1454307919, 0x5f5f63695f6c6173745f726567656e65726174657c693a313435343330373931393b737475645f69647c733a383a223039333037383936223b74696d657c733a31393a22323031362d30322d30312030363a31393a3438223b69735f6c6f676765645f696e7c623a313b),
('fd13448d728cf24669023f6f6308e4b0b8f25994', '::1', 1454308431, 0x5f5f63695f6c6173745f726567656e65726174657c693a313435343330383335343b737475645f69647c733a383a223039333037383936223b74696d657c733a31393a22323031362d30322d30312030363a31393a3438223b69735f6c6f676765645f696e7c623a313b),
('2611f67924c3a816ea7bf45a7332ede8ba7e1d24', '::1', 1454312484, 0x5f5f63695f6c6173745f726567656e65726174657c693a313435343331323437313b737475645f69647c733a383a223039333037383936223b74696d657c733a31393a22323031362d30322d30312030363a31393a3438223b69735f6c6f676765645f696e7c623a313b),
('09e04154e787a9032be333f6b394b8b7f3243e9d', '::1', 1454313366, 0x5f5f63695f6c6173745f726567656e65726174657c693a313435343331333235373b737475645f69647c733a383a223039333037383936223b74696d657c733a31393a22323031362d30322d30312030363a31393a3438223b69735f6c6f676765645f696e7c623a313b),
('7b3c0fd20cd5207c28ba74b6ed7612d83987fce5', '::1', 1454315835, 0x5f5f63695f6c6173745f726567656e65726174657c693a313435343331353737323b737475645f69647c733a383a223039333037383936223b74696d657c733a31393a22323031362d30322d30312030363a31393a3438223b69735f6c6f676765645f696e7c623a313b);
INSERT INTO `ci_sessions` (`id`, `ip_address`, `timestamp`, `data`) VALUES
('77bd33cf68c5c318c5ef90d8ab3b4525d0b9b7d7', '::1', 1454316266, 0x5f5f63695f6c6173745f726567656e65726174657c693a313435343331363235333b737475645f69647c733a383a223039333037383936223b74696d657c733a31393a22323031362d30322d30312030363a31393a3438223b69735f6c6f676765645f696e7c623a313b),
('cff79367970f43f1c7210e367e2c0d0e27f00355', '::1', 1454322401, 0x5f5f63695f6c6173745f726567656e65726174657c693a313435343332323132353b737475645f69647c733a383a223039333037383936223b74696d657c733a31393a22323031362d30322d30312030363a31393a3438223b69735f6c6f676765645f696e7c623a313b),
('f175e223e5569da2b76ba5c3fec8eda850871d00', '::1', 1454322655, 0x5f5f63695f6c6173745f726567656e65726174657c693a313435343332323436363b737475645f69647c733a383a223039333037383936223b74696d657c733a31393a22323031362d30322d30312030363a31393a3438223b69735f6c6f676765645f696e7c623a313b),
('c67ae0272eb7825cb348a74ffced62af7b66a4f3', '::1', 1454323923, 0x5f5f63695f6c6173745f726567656e65726174657c693a313435343332333636313b737475645f69647c733a383a223039333037383936223b74696d657c733a31393a22323031362d30322d30312030363a31393a3438223b69735f6c6f676765645f696e7c623a313b),
('9ded0deef6f94c6f85b9ce362bbae149c7f3aa2e', '::1', 1454324033, 0x5f5f63695f6c6173745f726567656e65726174657c693a313435343332343033333b737475645f69647c733a383a223039333037383936223b74696d657c733a31393a22323031362d30322d30312030363a31393a3438223b69735f6c6f676765645f696e7c623a313b),
('e35b5c11573ac6122266015c20790f979c688889', '::1', 1454325009, 0x5f5f63695f6c6173745f726567656e65726174657c693a313435343332343731303b737475645f69647c733a383a223039333037383936223b74696d657c733a31393a22323031362d30322d30312030363a31393a3438223b69735f6c6f676765645f696e7c623a313b),
('0dda4d7bdf425088f638bcb3b02ea596a6822de6', '::1', 1454337121, 0x5f5f63695f6c6173745f726567656e65726174657c693a313435343333363931383b737475645f69647c733a383a223039333037383936223b74696d657c733a31393a22323031362d30322d30312031353a32383a3433223b69735f6c6f676765645f696e7c623a313b),
('76c37e7dcc9a5e1fd78084dfc135a87e467db3d8', '::1', 1454338887, 0x5f5f63695f6c6173745f726567656e65726174657c693a313435343333383539333b737475645f69647c733a383a223039333037383936223b74696d657c733a31393a22323031362d30322d30312031353a32383a3433223b69735f6c6f676765645f696e7c623a313b),
('8460701cd3936e004aa3645af850578ed6b1c054', '::1', 1454339125, 0x5f5f63695f6c6173745f726567656e65726174657c693a313435343333383839383b737475645f69647c733a383a223039333037383936223b74696d657c733a31393a22323031362d30322d30312031353a32383a3433223b69735f6c6f676765645f696e7c623a313b),
('e7477ffc347b9c6651801e7a118b2a188f3202b5', '::1', 1454339481, 0x5f5f63695f6c6173745f726567656e65726174657c693a313435343333393333343b737475645f69647c733a383a223039333037383936223b74696d657c733a31393a22323031362d30322d30312031353a32383a3433223b69735f6c6f676765645f696e7c623a313b),
('9dbbbb3d751efbe772053dfdea7d2d92e4fc1998', '::1', 1454340001, 0x5f5f63695f6c6173745f726567656e65726174657c693a313435343333393734373b737475645f69647c733a383a223039333037383936223b74696d657c733a31393a22323031362d30322d30312031353a32383a3433223b69735f6c6f676765645f696e7c623a313b),
('f1bc4ba0987659d83f8ce6ae89fd03046b13622d', '::1', 1454340234, 0x5f5f63695f6c6173745f726567656e65726174657c693a313435343334303035363b737475645f69647c733a383a223039333037383936223b74696d657c733a31393a22323031362d30322d30312031353a32383a3433223b69735f6c6f676765645f696e7c623a313b),
('52fda2c3a551a9c5d54d48b0051bc622d2f24296', '::1', 1454382901, 0x5f5f63695f6c6173745f726567656e65726174657c693a313435343338323930303b),
('26f64954c96d75dff8efe86550a43b5b461e952e', '::1', 1454393498, 0x5f5f63695f6c6173745f726567656e65726174657c693a313435343339333434393b737475645f69647c733a383a223039333037383936223b74696d657c733a31393a22323031362d30322d30322030373a31313a3032223b69735f6c6f676765645f696e7c623a313b),
('068bcfc4b06399d5d5cec4d60da0b7ef26475a51', '::1', 1454394364, 0x5f5f63695f6c6173745f726567656e65726174657c693a313435343339343036373b737475645f69647c733a383a223039333037383936223b74696d657c733a31393a22323031362d30322d30322030373a31313a3032223b69735f6c6f676765645f696e7c623a313b),
('c405153c26af07b68311d4d3aeee0c99eb0a25b2', '::1', 1454394619, 0x5f5f63695f6c6173745f726567656e65726174657c693a313435343339343338343b737475645f69647c733a383a223039333037383936223b74696d657c733a31393a22323031362d30322d30322030373a31313a3032223b69735f6c6f676765645f696e7c623a313b),
('3a7580c57509ee3b23661fd9971116376d041db7', '::1', 1454395128, 0x5f5f63695f6c6173745f726567656e65726174657c693a313435343339343931303b737475645f69647c733a383a223039333037383936223b74696d657c733a31393a22323031362d30322d30322030373a31313a3032223b69735f6c6f676765645f696e7c623a313b),
('f483228480a848c1beee24bb4d91b283d64ddf1e', '::1', 1454395612, 0x5f5f63695f6c6173745f726567656e65726174657c693a313435343339353331343b737475645f69647c733a383a223039333037383936223b74696d657c733a31393a22323031362d30322d30322030373a31313a3032223b69735f6c6f676765645f696e7c623a313b),
('06fbcd1beb4e8dd227a583d253f7539bf53e250d', '::1', 1454395822, 0x5f5f63695f6c6173745f726567656e65726174657c693a313435343339353639393b737475645f69647c733a383a223039333037383936223b74696d657c733a31393a22323031362d30322d30322030373a31313a3032223b69735f6c6f676765645f696e7c623a313b),
('a754d2ae7997696ce97c46a6e6f29bb88e9c991e', '::1', 1454396307, 0x5f5f63695f6c6173745f726567656e65726174657c693a313435343339363032393b737475645f69647c733a383a223039333037383936223b74696d657c733a31393a22323031362d30322d30322030373a31313a3032223b69735f6c6f676765645f696e7c623a313b),
('6df9f907853dbc0fb0c4f8a9061dbe698a58d169', '::1', 1454396541, 0x5f5f63695f6c6173745f726567656e65726174657c693a313435343339363339323b737475645f69647c733a383a223039333037383936223b74696d657c733a31393a22323031362d30322d30322030373a31313a3032223b69735f6c6f676765645f696e7c623a313b),
('68a11bf3292047b9756f3135d0ce512d73fcf163', '::1', 1454397663, 0x5f5f63695f6c6173745f726567656e65726174657c693a313435343339373538303b737475645f69647c733a383a223039333037383936223b74696d657c733a31393a22323031362d30322d30322030373a31313a3032223b69735f6c6f676765645f696e7c623a313b),
('82107b0edbb31c4dfe291df306280a1ce4dbdd56', '::1', 1454398236, 0x5f5f63695f6c6173745f726567656e65726174657c693a313435343339383231383b737475645f69647c733a383a223039333037383936223b74696d657c733a31393a22323031362d30322d30322030373a31313a3032223b69735f6c6f676765645f696e7c623a313b),
('1d86817578f3d6a435cf9e50d51b1dd7720d6a03', '::1', 1454476877, 0x5f5f63695f6c6173745f726567656e65726174657c693a313435343437363539333b737475645f69647c733a383a223039333037383936223b74696d657c733a31393a22323031362d30322d30332030363a31363a3434223b69735f6c6f676765645f696e7c623a313b),
('39f0d1e20945750a7440f0503fe6a1232cc0c4e4', '::1', 1454476901, 0x5f5f63695f6c6173745f726567656e65726174657c693a313435343437363930313b737475645f69647c733a383a223039333037383936223b74696d657c733a31393a22323031362d30322d30332030363a31363a3434223b69735f6c6f676765645f696e7c623a313b),
('d140b6d55f1e5c7421cd7860c86c7328d706ee6c', '::1', 1454477656, 0x5f5f63695f6c6173745f726567656e65726174657c693a313435343437373534313b737475645f69647c733a383a223039333037383936223b74696d657c733a31393a22323031362d30322d30332030363a31363a3434223b69735f6c6f676765645f696e7c623a313b),
('ef45e4ffbd9304dc8ce5c386ab70c62bf895c7dc', '::1', 1454478164, 0x5f5f63695f6c6173745f726567656e65726174657c693a313435343437373931333b737475645f69647c733a383a223039333037383936223b74696d657c733a31393a22323031362d30322d30332030363a31363a3434223b69735f6c6f676765645f696e7c623a313b),
('48ab16130c65689a5baf743551976c9539290870', '::1', 1454478331, 0x5f5f63695f6c6173745f726567656e65726174657c693a313435343437383239303b737475645f69647c733a383a223039333037383936223b74696d657c733a31393a22323031362d30322d30332030363a31363a3434223b69735f6c6f676765645f696e7c623a313b),
('ba09dae288e8f1a810313a2b3513d2d3bef35533', '::1', 1454478892, 0x5f5f63695f6c6173745f726567656e65726174657c693a313435343437383635323b737475645f69647c733a383a223039333037383936223b74696d657c733a31393a22323031362d30322d30332030363a31363a3434223b69735f6c6f676765645f696e7c623a313b),
('e1e8525978b37608ae6004387a562c781cf4e01d', '::1', 1454479209, 0x5f5f63695f6c6173745f726567656e65726174657c693a313435343437383938323b737475645f69647c733a383a223039333037383936223b74696d657c733a31393a22323031362d30322d30332030363a31363a3434223b69735f6c6f676765645f696e7c623a313b),
('6e94dc51592beef640399af74f23b8ad34647691', '::1', 1454479464, 0x5f5f63695f6c6173745f726567656e65726174657c693a313435343437393334353b737475645f69647c733a383a223039333037383936223b74696d657c733a31393a22323031362d30322d30332030363a31363a3434223b69735f6c6f676765645f696e7c623a313b),
('735845b511cb7132321110ce82ab16ee0c74b602', '::1', 1454480225, 0x5f5f63695f6c6173745f726567656e65726174657c693a313435343437393933323b737475645f69647c733a383a223039333037383936223b74696d657c733a31393a22323031362d30322d30332030363a31363a3434223b69735f6c6f676765645f696e7c623a313b),
('5be7e74e286e7469727703e122400b47f800181d', '::1', 1454480236, 0x5f5f63695f6c6173745f726567656e65726174657c693a313435343438303233363b737475645f69647c733a383a223039333037383936223b74696d657c733a31393a22323031362d30322d30332030363a31363a3434223b69735f6c6f676765645f696e7c623a313b),
('d9a126ea0bea60d2559dfa0c628eb4a980148af5', '127.0.0.1', 1454493269, 0x5f5f63695f6c6173745f726567656e65726174657c693a313435343439333235383b737475645f69647c733a383a223039333037383936223b74696d657c733a31393a22323031362d30322d30332031303a35343a3238223b69735f6c6f676765645f696e7c623a313b),
('81213dafd1755b7ae86d409fe9e2daa98bd73ada', '::1', 1454493600, 0x5f5f63695f6c6173745f726567656e65726174657c693a313435343439333538353b737475645f69647c733a383a223039333037383936223b74696d657c733a31393a22323031362d30322d30332031303a35343a3238223b69735f6c6f676765645f696e7c623a313b),
('3bbdc41c8ff5e9f50e48d371f4cadecbeed0f073', '::1', 1454557905, 0x5f5f63695f6c6173745f726567656e65726174657c693a313435343535373930353b),
('aa122e7232927f1261bac455f623faf8b1294eae', '::1', 1454679295, 0x5f5f63695f6c6173745f726567656e65726174657c693a313435343637393239343b),
('f25f0838770cf79b8d381318566f03e2397cf41d', '::1', 1454680618, 0x5f5f63695f6c6173745f726567656e65726174657c693a313435343638303631373b737475645f69647c733a383a223039333037383936223b74696d657c733a31393a22323031362d30322d30352031343a35363a3537223b69735f6c6f676765645f696e7c623a313b),
('d11003d5e76683b0c81c5e8e78820fa739a0b526', '::1', 1454681643, 0x5f5f63695f6c6173745f726567656e65726174657c693a313435343638313634333b737475645f69647c733a383a223039333037383936223b74696d657c733a31393a22323031362d30322d30352031343a35363a3537223b69735f6c6f676765645f696e7c623a313b),
('4b702521d20c018dcf0341084eab634614565623', '::1', 1454682023, 0x5f5f63695f6c6173745f726567656e65726174657c693a313435343638313936363b737475645f69647c733a383a223039333037383936223b74696d657c733a31393a22323031362d30322d30352031343a35363a3537223b69735f6c6f676765645f696e7c623a313b),
('81e8a414d07f5544d338e14355646e999b8bc7d3', '::1', 1454683575, 0x5f5f63695f6c6173745f726567656e65726174657c693a313435343638333532323b737475645f69647c733a383a223039333037383936223b74696d657c733a31393a22323031362d30322d30352031343a35363a3537223b69735f6c6f676765645f696e7c623a313b),
('49f309d4235ebd5bf26fd6d020e736c4902e5b9f', '::1', 1454740459, 0x5f5f63695f6c6173745f726567656e65726174657c693a313435343734303435393b),
('f1330b08c6307d868e7a6b1b79d72af916f2e09a', '::1', 1454754378, 0x5f5f63695f6c6173745f726567656e65726174657c693a313435343735343337383b),
('685d014864abd71d7c59bdf66493f9b048b8220e', '::1', 1454756214, 0x5f5f63695f6c6173745f726567656e65726174657c693a313435343735353937313b737475645f69647c733a383a223039333037383936223b74696d657c733a31393a22323031362d30322d30362031313a35333a3239223b69735f6c6f676765645f696e7c623a313b),
('19ec75b205cb4f9b598dfe350a10477d61377b70', '::1', 1454757349, 0x5f5f63695f6c6173745f726567656e65726174657c693a313435343735373239383b737475645f69647c733a383a223039333037383936223b74696d657c733a31393a22323031362d30322d30362031313a35333a3239223b69735f6c6f676765645f696e7c623a313b),
('0e1f6868b0070f1d2c55ed1e6c26d6b39e9a0d77', '::1', 1454757798, 0x5f5f63695f6c6173745f726567656e65726174657c693a313435343735373734373b737475645f69647c733a383a223039333037383936223b74696d657c733a31393a22323031362d30322d30362031313a35333a3239223b69735f6c6f676765645f696e7c623a313b),
('32bb4a16d86595103309bcded317dd06fa6a1e4d', '::1', 1454758707, 0x5f5f63695f6c6173745f726567656e65726174657c693a313435343735383433333b737475645f69647c733a383a223039333037383936223b74696d657c733a31393a22323031362d30322d30362031313a35333a3239223b69735f6c6f676765645f696e7c623a313b),
('e7b11abb82a77c380f10ea51fcbf5572c5c5006a', '::1', 1454759402, 0x5f5f63695f6c6173745f726567656e65726174657c693a313435343735393430323b737475645f69647c733a383a223039333037383936223b74696d657c733a31393a22323031362d30322d30362031313a35333a3239223b69735f6c6f676765645f696e7c623a313b),
('65b630de4693363849c949bcf9d8feb7a7b073ff', '::1', 1454760426, 0x5f5f63695f6c6173745f726567656e65726174657c693a313435343736303138343b737475645f69647c733a383a223039333037383936223b74696d657c733a31393a22323031362d30322d30362031313a35333a3239223b69735f6c6f676765645f696e7c623a313b),
('821c2b936d028b9c8dc8bfc8726a14f26954b493', '::1', 1454760824, 0x5f5f63695f6c6173745f726567656e65726174657c693a313435343736303532383b737475645f69647c733a383a223039333037383936223b74696d657c733a31393a22323031362d30322d30362031313a35333a3239223b69735f6c6f676765645f696e7c623a313b),
('3cf3ce2f9c79138c33b4210dbf5205063d9046a7', '::1', 1454761046, 0x5f5f63695f6c6173745f726567656e65726174657c693a313435343736303837343b737475645f69647c733a383a223039333037383936223b74696d657c733a31393a22323031362d30322d30362031313a35333a3239223b69735f6c6f676765645f696e7c623a313b),
('1f44b9c11f9d058cdeb7ddc89e8d5e8d0155dad3', '::1', 1454761608, 0x5f5f63695f6c6173745f726567656e65726174657c693a313435343736313333303b737475645f69647c733a383a223039333037383936223b74696d657c733a31393a22323031362d30322d30362031313a35333a3239223b69735f6c6f676765645f696e7c623a313b),
('f6db69b8c5b8e877675c79ee624df41b53bccae4', '::1', 1454761684, 0x5f5f63695f6c6173745f726567656e65726174657c693a313435343736313635373b737475645f69647c733a383a223039333037383936223b74696d657c733a31393a22323031362d30322d30362031313a35333a3239223b69735f6c6f676765645f696e7c623a313b),
('634f2cf484e7737b7b6d71648bb8d36731788aac', '::1', 1454762249, 0x5f5f63695f6c6173745f726567656e65726174657c693a313435343736323035373b737475645f69647c733a383a223039333037383936223b74696d657c733a31393a22323031362d30322d30362031313a35333a3239223b69735f6c6f676765645f696e7c623a313b),
('fd0ab1d6628b6d56df63bd45ddd8edfefa2de21b', '::1', 1454762364, 0x5f5f63695f6c6173745f726567656e65726174657c693a313435343736323336343b737475645f69647c733a383a223039333037383936223b74696d657c733a31393a22323031362d30322d30362031313a35333a3239223b69735f6c6f676765645f696e7c623a313b),
('667d92d06c9ca4218cfa4088d7ddf3d1ec9d1ecd', '::1', 1454767730, 0x5f5f63695f6c6173745f726567656e65726174657c693a313435343736373433363b737475645f69647c733a383a223039333037383936223b74696d657c733a31393a22323031362d30322d30362031313a35333a3239223b69735f6c6f676765645f696e7c623a313b),
('249c5592ac5efa220ab5e2c66b429b718fbaea6d', '::1', 1454768320, 0x5f5f63695f6c6173745f726567656e65726174657c693a313435343736383034363b737475645f69647c733a383a223039333037383936223b74696d657c733a31393a22323031362d30322d30362031313a35333a3239223b69735f6c6f676765645f696e7c623a313b),
('172ab09fa1e016e262d02848d610291c56c5df08', '::1', 1454769319, 0x5f5f63695f6c6173745f726567656e65726174657c693a313435343736393133313b737475645f69647c733a383a223039333037383936223b74696d657c733a31393a22323031362d30322d30362031313a35333a3239223b69735f6c6f676765645f696e7c623a313b),
('aed88fd93401afcf4815ef1b39ca27217015bf67', '::1', 1454770043, 0x5f5f63695f6c6173745f726567656e65726174657c693a313435343736393735383b737475645f69647c733a383a223039333037383936223b74696d657c733a31393a22323031362d30322d30362031313a35333a3239223b69735f6c6f676765645f696e7c623a313b),
('580a6e9ac5ee6af95c41606ebe2235b134f75896', '::1', 1454770243, 0x5f5f63695f6c6173745f726567656e65726174657c693a313435343737303134393b737475645f69647c733a383a223039333037383936223b74696d657c733a31393a22323031362d30322d30362031313a35333a3239223b69735f6c6f676765645f696e7c623a313b),
('89f193a1dcafb748ba44338e7d29d9b59d3b44e2', '::1', 1454770733, 0x5f5f63695f6c6173745f726567656e65726174657c693a313435343737303435363b737475645f69647c733a383a223039333037383936223b74696d657c733a31393a22323031362d30322d30362031313a35333a3239223b69735f6c6f676765645f696e7c623a313b),
('e1d43e6321b651db5378e384d92cf23bf434d2fb', '::1', 1454771049, 0x5f5f63695f6c6173745f726567656e65726174657c693a313435343737303837363b737475645f69647c733a383a223039333037383936223b74696d657c733a31393a22323031362d30322d30362031313a35333a3239223b69735f6c6f676765645f696e7c623a313b),
('abe22cf0c33e0123491a0fd8bfdc503d76dee070', '::1', 1454774222, 0x5f5f63695f6c6173745f726567656e65726174657c693a313435343737333933373b737475645f69647c733a383a223039333037383936223b74696d657c733a31393a22323031362d30322d30362031313a35333a3239223b69735f6c6f676765645f696e7c623a313b),
('90ecc06d5ecca13c80b67fbd183e1324f64b919e', '::1', 1454774468, 0x5f5f63695f6c6173745f726567656e65726174657c693a313435343737343235343b737475645f69647c733a383a223039333037383936223b74696d657c733a31393a22323031362d30322d30362031313a35333a3239223b69735f6c6f676765645f696e7c623a313b),
('09b8425be14e3cf336d252b47a7c974b42d0dd5d', '::1', 1454779189, 0x5f5f63695f6c6173745f726567656e65726174657c693a313435343737383937313b737475645f69647c733a383a223039333037383936223b74696d657c733a31393a22323031362d30322d30362031313a35333a3239223b69735f6c6f676765645f696e7c623a313b),
('c46946ea9096c85efe1ea6e2b6ce338af0db9eff', '::1', 1454779303, 0x5f5f63695f6c6173745f726567656e65726174657c693a313435343737393237333b737475645f69647c733a383a223039333037383936223b74696d657c733a31393a22323031362d30322d30362031313a35333a3239223b69735f6c6f676765645f696e7c623a313b),
('dec27a2bd1355c0343d16d23c4747c8a7bb3ea9f', '::1', 1454779627, 0x5f5f63695f6c6173745f726567656e65726174657c693a313435343737393539383b737475645f69647c733a383a223039333037383936223b74696d657c733a31393a22323031362d30322d30362031313a35333a3239223b69735f6c6f676765645f696e7c623a313b),
('0983793051429bd5106f967915a1d34c76eba73b', '::1', 1454780175, 0x5f5f63695f6c6173745f726567656e65726174657c693a313435343738303036393b737475645f69647c733a383a223039333037383936223b74696d657c733a31393a22323031362d30322d30362031313a35333a3239223b69735f6c6f676765645f696e7c623a313b),
('32a6c591ec774f9e3795c831c47f071558be0146', '::1', 1454780604, 0x5f5f63695f6c6173745f726567656e65726174657c693a313435343738303432323b737475645f69647c733a383a223039333037383936223b74696d657c733a31393a22323031362d30322d30362031313a35333a3239223b69735f6c6f676765645f696e7c623a313b),
('5fba5ad08518c340d4c8f5a223d3dbac5bb505ee', '::1', 1454784078, 0x5f5f63695f6c6173745f726567656e65726174657c693a313435343738333738383b737475645f69647c733a383a223039333037383936223b74696d657c733a31393a22323031362d30322d30362031313a35333a3239223b69735f6c6f676765645f696e7c623a313b),
('21dd0e3423e0a4bfe8b6b8337f93a594f22d63dc', '::1', 1454784118, 0x5f5f63695f6c6173745f726567656e65726174657c693a313435343738343039353b737475645f69647c733a383a223039333037383936223b74696d657c733a31393a22323031362d30322d30362031313a35333a3239223b69735f6c6f676765645f696e7c623a313b),
('30c702727927a6c108b41fe49e4814ec17d89ae8', '::1', 1454784968, 0x5f5f63695f6c6173745f726567656e65726174657c693a313435343738343637333b737475645f69647c733a383a223039333037383936223b74696d657c733a31393a22323031362d30322d30362031313a35333a3239223b69735f6c6f676765645f696e7c623a313b),
('74636e2630c516206e0fec70d84ffa115cf8c33b', '::1', 1454785308, 0x5f5f63695f6c6173745f726567656e65726174657c693a313435343738353034343b737475645f69647c733a383a223039333037383936223b74696d657c733a31393a22323031362d30322d30362031313a35333a3239223b69735f6c6f676765645f696e7c623a313b),
('fd6f70f1845874dd1d6a60768bb4d64e63e6efd5', '::1', 1454785534, 0x5f5f63695f6c6173745f726567656e65726174657c693a313435343738353335383b737475645f69647c733a383a223039333037383936223b74696d657c733a31393a22323031362d30322d30362031313a35333a3239223b69735f6c6f676765645f696e7c623a313b),
('4cb639ebb81ab4bb6659ed5fea06a6ffd7ebb503', '::1', 1454812463, 0x5f5f63695f6c6173745f726567656e65726174657c693a313435343831323239373b737475645f69647c733a383a223039333037383936223b74696d657c733a31393a22323031362d30322d30372030333a33313a3432223b69735f6c6f676765645f696e7c623a313b),
('d0916ade5541834b55d44e51435ae9a7682ab59f', '::1', 1454812833, 0x5f5f63695f6c6173745f726567656e65726174657c693a313435343831323639383b737475645f69647c733a383a223039333037383936223b74696d657c733a31393a22323031362d30322d30372030333a33313a3432223b69735f6c6f676765645f696e7c623a313b),
('1767288fcaaeb5928cc0ff59c941ecf725b00289', '::1', 1454813487, 0x5f5f63695f6c6173745f726567656e65726174657c693a313435343831333237373b737475645f69647c733a383a223039333037383936223b74696d657c733a31393a22323031362d30322d30372030333a33313a3432223b69735f6c6f676765645f696e7c623a313b),
('c40f7055c9b734dac9db6075ed74a1e8f89fc974', '::1', 1454814954, 0x5f5f63695f6c6173745f726567656e65726174657c693a313435343831343932313b737475645f69647c733a383a223039333037383936223b74696d657c733a31393a22323031362d30322d30372030333a33313a3432223b69735f6c6f676765645f696e7c623a313b),
('e6ef999555332ec578006a749243c8eff1f5b31b', '::1', 1454816313, 0x5f5f63695f6c6173745f726567656e65726174657c693a313435343831363031373b737475645f69647c733a383a223039333037383936223b74696d657c733a31393a22323031362d30322d30372030333a33313a3432223b69735f6c6f676765645f696e7c623a313b),
('9b2a5d57a2e4d963b3f0415baab669a39dc5ab7c', '::1', 1454816369, 0x5f5f63695f6c6173745f726567656e65726174657c693a313435343831363332323b737475645f69647c733a383a223039333037383936223b74696d657c733a31393a22323031362d30322d30372030333a33313a3432223b69735f6c6f676765645f696e7c623a313b),
('ee7616ec70d1bf57808a9ca3e260d6a279746bc7', '::1', 1454819525, 0x5f5f63695f6c6173745f726567656e65726174657c693a313435343831393430303b737475645f69647c733a383a223039333037383936223b74696d657c733a31393a22323031362d30322d30372030333a33313a3432223b69735f6c6f676765645f696e7c623a313b),
('3ece06bf84277197949a30ecb5ec138b423ceeb0', '::1', 1454837337, 0x5f5f63695f6c6173745f726567656e65726174657c693a313435343833373234363b737475645f69647c733a383a223039333037383936223b74696d657c733a31393a22323031362d30322d30372031303a32373a3330223b69735f6c6f676765645f696e7c623a313b),
('280685bdd4a55c70cd0319a6f34ca8436c564c1e', '::1', 1454839891, 0x5f5f63695f6c6173745f726567656e65726174657c693a313435343833393839313b737475645f69647c733a383a223039333037383936223b74696d657c733a31393a22323031362d30322d30372031303a32373a3330223b69735f6c6f676765645f696e7c623a313b),
('22962026b71dc3a10cca828ca62fee4964edadba', '::1', 1454845269, 0x5f5f63695f6c6173745f726567656e65726174657c693a313435343834353233383b737475645f69647c733a383a223039333037383936223b74696d657c733a31393a22323031362d30322d30372031303a32373a3330223b69735f6c6f676765645f696e7c623a313b),
('010581e8b1a25900b6ad286afc5d9f8d301ed50e', '::1', 1454846666, 0x5f5f63695f6c6173745f726567656e65726174657c693a313435343834363534383b737475645f69647c733a383a223039333037383936223b74696d657c733a31393a22323031362d30322d30372031303a32373a3330223b69735f6c6f676765645f696e7c623a313b),
('0af8e22e8d353354089484e4c1b5f65e40e511c1', '::1', 1454847880, 0x5f5f63695f6c6173745f726567656e65726174657c693a313435343834373634353b737475645f69647c733a383a223039333037383936223b74696d657c733a31393a22323031362d30322d30372031303a32373a3330223b69735f6c6f676765645f696e7c623a313b),
('8952931896aec2d720c3af441f2a78d1e337819a', '::1', 1454848202, 0x5f5f63695f6c6173745f726567656e65726174657c693a313435343834383132323b737475645f69647c733a383a223039333037383936223b74696d657c733a31393a22323031362d30322d30372031303a32373a3330223b69735f6c6f676765645f696e7c623a313b),
('70486696fe2535acef9b8f3de90060d93d56bf39', '::1', 1454848458, 0x5f5f63695f6c6173745f726567656e65726174657c693a313435343834383435383b737475645f69647c733a383a223039333037383936223b74696d657c733a31393a22323031362d30322d30372031303a32373a3330223b69735f6c6f676765645f696e7c623a313b),
('b3ec2f3063d795a313e4253369aa356fd7a50bc6', '::1', 1454848969, 0x5f5f63695f6c6173745f726567656e65726174657c693a313435343834383738393b737475645f69647c733a383a223039333037383936223b74696d657c733a31393a22323031362d30322d30372031303a32373a3330223b69735f6c6f676765645f696e7c623a313b),
('cb392ccf639f4983e19756c00fe657ecca0ebfd3', '::1', 1454849386, 0x5f5f63695f6c6173745f726567656e65726174657c693a313435343834393234393b737475645f69647c733a383a223039333037383936223b74696d657c733a31393a22323031362d30322d30372031303a32373a3330223b69735f6c6f676765645f696e7c623a313b),
('937b3c2219b0523e12ae9a222b77b0f94c68ad22', '::1', 1454849633, 0x5f5f63695f6c6173745f726567656e65726174657c693a313435343834393537303b737475645f69647c733a383a223039333037383936223b74696d657c733a31393a22323031362d30322d30372031303a32373a3330223b69735f6c6f676765645f696e7c623a313b),
('23208619eb6df153e3b811dcc3f9c4faa9d96923', '::1', 1454851790, 0x5f5f63695f6c6173745f726567656e65726174657c693a313435343835313732383b737475645f69647c733a383a223039333037383936223b74696d657c733a31393a22323031362d30322d30372031303a32373a3330223b69735f6c6f676765645f696e7c623a313b),
('6ffd43cc8df5b9969929e1fba5cf3eac0ce721f4', '::1', 1454854298, 0x5f5f63695f6c6173745f726567656e65726174657c693a313435343835343031393b737475645f69647c733a383a223039333037383936223b74696d657c733a31393a22323031362d30322d30372031353a30373a3033223b69735f6c6f676765645f696e7c623a313b),
('338e74fef9d1dddbf74e56a88c5df27d2d0c56e7', '::1', 1454854472, 0x5f5f63695f6c6173745f726567656e65726174657c693a313435343835343430333b737475645f69647c733a383a223039333037383936223b74696d657c733a31393a22323031362d30322d30372031353a30373a3033223b69735f6c6f676765645f696e7c623a313b),
('3f3926b271e9e6e729d490c5239cdb6af7ceeec7', '::1', 1454854763, 0x5f5f63695f6c6173745f726567656e65726174657c693a313435343835343736333b737475645f69647c733a383a223039333037383936223b74696d657c733a31393a22323031362d30322d30372031353a30373a3033223b69735f6c6f676765645f696e7c623a313b),
('8ba99e901d82597e89d4d5110a9d9a3f526c71ab', '::1', 1454855595, 0x5f5f63695f6c6173745f726567656e65726174657c693a313435343835353335353b737475645f69647c733a383a223039333037383936223b74696d657c733a31393a22323031362d30322d30372031353a30373a3033223b69735f6c6f676765645f696e7c623a313b),
('7aa31d6ef62852a54c91407c84340f2884d73a20', '::1', 1454855946, 0x5f5f63695f6c6173745f726567656e65726174657c693a313435343835353836343b737475645f69647c733a383a223039333037383936223b74696d657c733a31393a22323031362d30322d30372031353a30373a3033223b69735f6c6f676765645f696e7c623a313b),
('108a57c9804d00f8812c14ec4a2b2c3abb727232', '::1', 1454856450, 0x5f5f63695f6c6173745f726567656e65726174657c693a313435343835363234353b737475645f69647c733a383a223039333037383936223b74696d657c733a31393a22323031362d30322d30372031353a30373a3033223b69735f6c6f676765645f696e7c623a313b),
('af30bc6977dacb90ccbb9f94b0f6e6d7bd25d9ce', '::1', 1454856556, 0x5f5f63695f6c6173745f726567656e65726174657c693a313435343835363535363b737475645f69647c733a383a223039333037383936223b74696d657c733a31393a22323031362d30322d30372031353a30373a3033223b69735f6c6f676765645f696e7c623a313b),
('b5cf38c4ad82190fd42d6834017866848b3800bc', '::1', 1454858419, 0x5f5f63695f6c6173745f726567656e65726174657c693a313435343835383332393b737475645f69647c733a383a223039333037383936223b74696d657c733a31393a22323031362d30322d30372031353a30373a3033223b69735f6c6f676765645f696e7c623a313b),
('5423e7104174dea43455f68892318ea426b54d01', '::1', 1454860281, 0x5f5f63695f6c6173745f726567656e65726174657c693a313435343836303134323b737475645f69647c733a383a223039333037383936223b74696d657c733a31393a22323031362d30322d30372031353a30373a3033223b69735f6c6f676765645f696e7c623a313b),
('84c6a21394bfef3d0729e8511c6b36d6d06c0b0a', '::1', 1454860642, 0x5f5f63695f6c6173745f726567656e65726174657c693a313435343836303435363b737475645f69647c733a383a223039333037383936223b74696d657c733a31393a22323031362d30322d30372031353a30373a3033223b69735f6c6f676765645f696e7c623a313b),
('d11d9cae6be785af486978730af3012d02c733ee', '::1', 1454860973, 0x5f5f63695f6c6173745f726567656e65726174657c693a313435343836303737333b737475645f69647c733a383a223039333037383936223b74696d657c733a31393a22323031362d30322d30372031353a30373a3033223b69735f6c6f676765645f696e7c623a313b),
('039e6737f13e4890de1de6fb637d892b37e4e48f', '::1', 1454861417, 0x5f5f63695f6c6173745f726567656e65726174657c693a313435343836313131373b737475645f69647c733a383a223039333037383936223b74696d657c733a31393a22323031362d30322d30372031353a30373a3033223b69735f6c6f676765645f696e7c623a313b),
('74330ba6d1e011b4a35d296a6652ff1df98c3681', '::1', 1454861657, 0x5f5f63695f6c6173745f726567656e65726174657c693a313435343836313431393b737475645f69647c733a383a223039333037383936223b74696d657c733a31393a22323031362d30322d30372031353a30373a3033223b69735f6c6f676765645f696e7c623a313b),
('e55f2a135e03927762db156be4fde7d82489f0ba', '::1', 1454861741, 0x5f5f63695f6c6173745f726567656e65726174657c693a313435343836313733353b737475645f69647c733a383a223039333037383936223b74696d657c733a31393a22323031362d30322d30372031353a30373a3033223b69735f6c6f676765645f696e7c623a313b),
('18512b822d51bb5a0cbdc9edfaf3b1901ecc13b8', '::1', 1454862189, 0x5f5f63695f6c6173745f726567656e65726174657c693a313435343836323033393b737475645f69647c733a383a223039333037383936223b74696d657c733a31393a22323031362d30322d30372031353a30373a3033223b69735f6c6f676765645f696e7c623a313b);

-- --------------------------------------------------------

--
-- Table structure for table `game`
--

CREATE TABLE IF NOT EXISTS `game` (
  `game_id` int(11) NOT NULL,
  `game_name` varchar(64) NOT NULL,
  `game_desc` text NOT NULL,
  `game_photo` varchar(32) NOT NULL
) ENGINE=InnoDB AUTO_INCREMENT=5 DEFAULT CHARSET=latin1;

--
-- Dumping data for table `game`
--

INSERT INTO `game` (`game_id`, `game_name`, `game_desc`, `game_photo`) VALUES
(1, 'basketball', '<p><img class="post-img" src="/uscsportsportal/source/Fresh%20Camp%20Logo%20for%20White%20Shirt.png" alt="Fresh Camp Logo for White Shirt" width="50%" height="50%" />asasasasa</p>', ''),
(2, 'badminton', '<p><img src="/uscsportsportal/source/post-img.jpg" alt="post-img" />asas</p>', ''),
(3, 'Patintero', '<p><img class="post-img" src="/uscsportsportal/source/post-img.jpg" alt="" width="867" height="180" />sampkadsfdsf</p>', ''),
(4, 'Volleyball', '<p>volleyball</p>', '');

-- --------------------------------------------------------

--
-- Table structure for table `matchup`
--

CREATE TABLE IF NOT EXISTS `matchup` (
  `match_id` int(11) NOT NULL,
  `team1` int(11) NOT NULL,
  `team2` int(11) NOT NULL,
  `time` time NOT NULL,
  `date` date NOT NULL,
  `team1_score` varchar(22) NOT NULL DEFAULT '0',
  `team2_score` varchar(22) NOT NULL DEFAULT '0',
  `team1_res` varchar(21) NOT NULL DEFAULT 'Default',
  `team2_res` varchar(21) NOT NULL DEFAULT 'Default',
  `game` int(11) NOT NULL,
  `category` int(11) NOT NULL,
  `match_added` datetime NOT NULL DEFAULT CURRENT_TIMESTAMP
) ENGINE=InnoDB AUTO_INCREMENT=20 DEFAULT CHARSET=latin1;

--
-- Dumping data for table `matchup`
--

INSERT INTO `matchup` (`match_id`, `team1`, `team2`, `time`, `date`, `team1_score`, `team2_score`, `team1_res`, `team2_res`, `game`, `category`, `match_added`) VALUES
(1, 0, 0, '00:00:00', '0000-00-00', '40', '39', 'Default', 'Default', 0, 0, '2016-01-18 19:52:41'),
(2, 9, 9, '12:00:00', '2016-02-29', '12', '13', 'Loss', 'Win', 1, 1, '2016-01-28 18:09:11'),
(3, 10, 9, '00:00:00', '2016-02-26', '43', '45', '', '', 1, 1, '2016-01-28 18:11:27'),
(4, 9, 9, '00:00:00', '2016-01-30', '43', '44', 'Loss', 'Win', 1, 1, '2016-01-28 18:13:56'),
(5, 9, 9, '12:05:00', '2016-02-26', '', '', 'Default', 'Default', 1, 1, '2016-01-28 18:13:59'),
(6, 10, 9, '15:23:00', '2016-01-27', '32', '12', 'Default', 'Default', 1, 1, '2016-01-28 21:57:15'),
(7, 10, 9, '13:00:00', '2016-01-30', '0', '0', 'Default', 'Default', 1, 3, '2016-01-28 22:25:46'),
(8, 10, 9, '13:00:00', '2016-01-30', '20', '21', '', '', 1, 3, '2016-01-28 22:28:52'),
(9, 10, 9, '11:59:00', '2016-01-30', '43', '65', 'Loss', 'Win', 1, 1, '2016-01-28 22:29:41'),
(10, 10, 9, '11:59:00', '2016-01-30', '32', '23', 'Default', 'Default', 1, 1, '2016-01-28 22:30:36'),
(11, 10, 9, '11:59:00', '2016-02-27', '12', '34', 'Loss', 'Win', 1, 1, '2016-01-28 22:32:48'),
(12, 9, 9, '00:54:00', '2016-02-02', '0', '0', 'Default', 'Default', 1, 3, '2016-01-28 22:36:33'),
(13, 9, 9, '00:54:00', '2016-02-02', '0', '0', 'Default', 'Default', 1, 3, '2016-01-28 22:39:00'),
(14, 9, 9, '00:54:00', '2016-02-02', '0', '0', 'Default', 'Default', 1, 3, '2016-01-28 22:44:45'),
(15, 12, 11, '13:00:00', '2016-02-06', '0', '0', 'Default', 'Default', 3, 1, '2016-01-28 23:11:32'),
(16, 10, 10, '00:00:00', '2016-01-31', '0', '0', 'Default', 'Default', 1, 2, '2016-01-29 21:42:41'),
(17, 10, 9, '01:59:00', '2016-02-26', '0', '0', 'Default', 'Default', 1, 1, '2016-02-02 14:46:20'),
(18, 9, 10, '12:30:00', '2016-02-29', '51', '23', 'Default', 'Default', 1, 2, '2016-02-03 14:03:27'),
(19, 13, 13, '12:00:00', '2016-02-27', '0', '0', 'Default', 'Default', 2, 1, '2016-02-07 11:34:12');

-- --------------------------------------------------------

--
-- Table structure for table `news`
--

CREATE TABLE IF NOT EXISTS `news` (
  `news_id` int(11) NOT NULL,
  `news_title` varchar(128) NOT NULL,
  `news_pub` timestamp NOT NULL DEFAULT CURRENT_TIMESTAMP ON UPDATE CURRENT_TIMESTAMP,
  `news_updated` timestamp NOT NULL DEFAULT CURRENT_TIMESTAMP ON UPDATE CURRENT_TIMESTAMP,
  `slug` varchar(128) NOT NULL,
  `news_content` text NOT NULL,
  `admin_id` varchar(8) NOT NULL
) ENGINE=InnoDB AUTO_INCREMENT=32 DEFAULT CHARSET=latin1;

--
-- Dumping data for table `news`
--

INSERT INTO `news` (`news_id`, `news_title`, `news_pub`, `news_updated`, `slug`, `news_content`, `admin_id`) VALUES
(18, 'USC Warriors Made It', '2015-11-22 08:45:11', '2015-11-22 08:45:11', 'usc-warriors-made-it', '<p>ERICKA ENTERPRISE<br />It is an open-source and royalty-free OSEK/VDX Kernel. This RTOS includes also RT-Druid, which is a development environment distributed as a set of Eclipse plugins.<br />Main Features:<br />? Hard Real-Time support with Fixed Priority Scheduling and Immediate Priority Ceiling;<br />? Support for Earliest Deadline First (EDF) and Resource Reservation Schedulers;<br />? 1-4 Kb Flash footprint, suitable for 8 to 32 bit microcontrollers;<br />? Support for multi-core platforms;<br />? Support for stack sharing among tasks;<br />? Easy configuration using RT-Druid with Eclipse plugins;<br />? Open-source: GPL2+Linking exception for the kernel, EPL for the Eclipse plugins.</p>', '09307896'),
(19, 'Warriors On Their Way Congratulations', '2015-12-30 09:08:29', '2015-12-30 09:08:29', 'warriors-on-their-way-congratulations', '<p><img class="post-img" src="/uscsportsportal/source/Fresh Camp Logo for White Shirt.png" alt="Fresh Camp Logo for White Shirt" width="1000" height="650"></p>\r\n<p>ERICKA ENTERPRISE<br />It is an open-source and royalty-free OSEK/VDX Kernel. This RTOS includes also RT-Druid, which is a development environment distributed as a set of Eclipse plugins.<br />Main Features:<br />? Hard Real-Time support with Fixed Priority Scheduling and Immediate Priority Ceiling;<br />? Support for Earliest Deadline First (EDF) and Resource Reservation Schedulers;<br />? 1-4 Kb Flash footprint, suitable for 8 to 32 bit microcontrollers;<br />? Support for multi-core platforms;<br />? Support for stack sharing among tasks;<br />? Easy configuration using RT-Druid with Eclipse plugins;<br />? Open-source: GPL2+Linking exception for the kernel, EPL for the Eclipse plugins.</p>', '09307896'),
(20, 'Sample News 01', '2015-12-30 09:14:25', '2015-12-30 09:14:25', 'sample-news-01', '<p>sample</p>', '09307896'),
(21, 'Sample News 02', '2015-12-30 09:17:12', '2015-12-30 09:17:12', 'sample-news-02', '<p>sample</p>', '09307896'),
(22, 'Sample News 03', '2015-12-30 09:17:26', '2015-12-30 09:17:26', 'sample-news-03', '<p>askasa</p>', '09307896'),
(23, 'Sample News 04', '2015-12-30 09:17:42', '2015-12-30 09:17:42', 'sample-news-04', '<p>asasa</p>', '09307896'),
(24, 'Sample News 05', '2015-12-30 09:23:39', '2015-12-30 09:23:39', 'sample-news-05', '<p>asas</p>', '09307896'),
(25, 'Sample News 06', '2015-12-30 09:23:58', '2015-12-30 09:23:58', 'sample-news-06', '<p>sasa</p>', '09307896'),
(26, 'Sample News 07', '2015-12-30 09:24:08', '2015-12-30 09:24:08', 'sample-news-07', '<p>asaslkj</p>', '09307896'),
(27, 'Sample News 08', '2015-12-30 09:24:21', '2015-12-30 09:24:21', 'sample-news-08', '<p>zzz</p>', '09307896'),
(28, 'Sample News 09', '2015-12-30 09:24:41', '2015-12-30 09:24:41', 'sample-news-09', '<p>salksjdsd</p>', '09307896'),
(29, 'Sample Data', '2016-01-15 02:33:12', '2016-01-15 02:33:12', 'sample-data', '<p><img class="post-img" src="/uscsportsportal/source/post-img.jpg" alt="post-img" width="937" height="305" /></p>\r\n<p style="text-align: center;"><span style="color: #00ff00;">THE MOMENT HAS BEEN DONE</span></p>', '09307896'),
(30, 'SAS', '2016-01-16 01:29:40', '2016-01-16 01:29:40', 'sas', '<p style="text-align: justify;">The School&nbsp;of Arts and Sciences is the home of several nationally accredited undergraduate and graduate programs.&nbsp; Scientific inquiry and historical awareness, social relations, and general welfare are themes flowing through the curriculum, which are imagined, formulated, and implemented by dedicated and accomplished faculty members who constantly seek regular updating, engage in innovative research and artistically creative endeavors.</p>\n<p style="text-align: justify;">With two divisions (Arts division and Sciences Division) covering ten academic departments and several affiliated centers and institutes, the College of Arts and Sciences provides an environment where students may both explore a wide range of interests and find their areas of specialization.</p>\n<p style="text-align: justify;">The College&rsquo;s curricular offerings teach students to discover knowledge independently, and to think critically, creatively, and analytically.</p>\n<p style="text-align: justify;">The College prepares students for professional careers and provides them with the foundation for lifelong learning.&nbsp; It also has the primary responsibility for the two-year general education curriculum required of all students of the university.</p>', '09307896'),
(31, 'SBE', '2016-01-15 02:39:47', '2016-01-15 02:39:47', 'sbe', '<p style="text-align: justify;">The School of Business and Economics (SBE) is previously named as the College of Commerce of the University of San Carlos. It has come a long way after it was founded in 1937. Fr. Bernard Bonk, SVD, is the founder and first Dean of the college of the then San Carlos College, now the University of San Carlos. It is currently composed of the following departments: Accountancy, Business Administration, Hospitality Management, Economics, and Graduate Programs.</p>', '09307896');

-- --------------------------------------------------------

--
-- Table structure for table `school`
--

CREATE TABLE IF NOT EXISTS `school` (
  `school_id` int(11) NOT NULL,
  `school_name` varchar(50) NOT NULL,
  `school_desc` text NOT NULL,
  `school_logo` varchar(50) NOT NULL,
  `points` int(11) NOT NULL DEFAULT '0'
) ENGINE=InnoDB AUTO_INCREMENT=5 DEFAULT CHARSET=latin1;

--
-- Dumping data for table `school`
--

INSERT INTO `school` (`school_id`, `school_name`, `school_desc`, `school_logo`, `points`) VALUES
(1, 'School of Arts and Sciences', '<p style="text-align: justify;">The School&nbsp;of Arts and Sciences is the home of several nationally accredited undergraduate and graduate programs.&nbsp; Scientific inquiry and historical awareness, social relations, and general welfare are themes flowing through the curriculum, which are imagined, formulated, and implemented by dedicated and accomplished faculty members who constantly seek regular updating, engage in innovative research and artistically creative endeavors.</p>\n<p style="text-align: justify;">With two divisions (Arts division and Sciences Division) covering ten academic departments and several affiliated centers and institutes, the College of Arts and Sciences provides an environment where students may both explore a wide range of interests and find their areas of specialization.</p>\n<p style="text-align: justify;">The College&rsquo;s curricular offerings teach students to discover knowledge independently, and to think critically, creatively, and analytically.</p>\n<p style="text-align: justify;">The College prepares students for professional careers and provides them with the foundation for lifelong learning.&nbsp; It also has the primary responsibility for the two-year general education curriculum required of all students of the university.</p>', 'none', 38),
(2, 'School of Business and Economics', '<p style="text-align: justify;">The School of Business and Economics (SBE) is previously named as the College of Commerce of the University of San Carlos. It has come a long way after it was founded in 1937. Fr. Bernard Bonk, SVD, is the founder and first Dean of the college of the then San Carlos College, now the University of San Carlos. It is currently composed of the following departments: Accountancy, Business Administration, Hospitality Management, Economics, and Graduate Programs.</p>', 'none', 58),
(3, 'School of Health Care Profession', '<p style="text-align: justify;">The School of Business and Economics (SBE) is previously named as the College of Commerce of the University of San Carlos. It has come a long way after it was founded in 1937. Fr. Bernard Bonk, SVD, is the founder and first Dean of the college of the then San Carlos College, now the University of San Carlos. It is currently composed of the following departments: Accountancy, Business Administration, Hospitality Management, Economics, and Graduate Programs.</p>', '', 0),
(4, 'School of Education', '<p style="text-align: justify;">The School of Business and Economics (SBE) is previously named as the College of Commerce of the University of San Carlos. It has come a long way after it was founded in 1937. Fr. Bernard Bonk, SVD, is the founder and first Dean of the college of the then San Carlos College, now the University of San Carlos. It is currently composed of the following departments: Accountancy, Business Administration, Hospitality Management, Economics, and Graduate Programs.</p>', '', 0);

-- --------------------------------------------------------

--
-- Table structure for table `teams`
--

CREATE TABLE IF NOT EXISTS `teams` (
  `team_id` int(11) NOT NULL,
  `team_name` varchar(30) NOT NULL,
  `game_cat` int(11) NOT NULL,
  `team_cat` int(11) NOT NULL,
  `FKschool_id` int(11) NOT NULL,
  `wins` int(11) NOT NULL DEFAULT '0',
  `loss` int(11) NOT NULL DEFAULT '0'
) ENGINE=InnoDB AUTO_INCREMENT=15 DEFAULT CHARSET=latin1;

--
-- Dumping data for table `teams`
--

INSERT INTO `teams` (`team_id`, `team_name`, `game_cat`, `team_cat`, `FKschool_id`, `wins`, `loss`) VALUES
(9, 'Marvin', 1, 3, 2, 19, 14),
(10, 'SaM', 1, 3, 1, 8, 13),
(11, 'Gama', 3, 3, 3, 0, 0),
(12, 'alpha', 3, 3, 4, 0, 0),
(13, 'usc', 2, 1, 1, 0, 0),
(14, 'arch', 3, 3, 3, 0, 0);

-- --------------------------------------------------------

--
-- Table structure for table `user`
--

CREATE TABLE IF NOT EXISTS `user` (
  `user_id` int(11) NOT NULL,
  `email_address` varchar(64) NOT NULL,
  `fname` varchar(64) NOT NULL,
  `lname` varchar(64) NOT NULL,
  `school` varchar(64) NOT NULL,
  `home_address` varchar(64) NOT NULL,
  `stud_id` varchar(8) NOT NULL,
  `username` varchar(24) NOT NULL,
  `password` varchar(32) NOT NULL,
  `contact_no` varchar(11) NOT NULL,
  `user_type` enum('admin','member') NOT NULL DEFAULT 'member',
  `status` enum('Delete','Restore','','') NOT NULL DEFAULT 'Delete',
  `button` enum('EButton','DButton','IButton','') NOT NULL DEFAULT 'DButton'
) ENGINE=InnoDB AUTO_INCREMENT=14 DEFAULT CHARSET=latin1;

--
-- Dumping data for table `user`
--

INSERT INTO `user` (`user_id`, `email_address`, `fname`, `lname`, `school`, `home_address`, `stud_id`, `username`, `password`, `contact_no`, `user_type`, `status`, `button`) VALUES
(6, 'marvinzamoras@gmail.com', 'Marvin', 'Zamoras', 'SAS', 'Talamban Campus', '09307896', 'marvinzamoras', 'marvszam', '09395980177', 'admin', 'Delete', 'DButton'),
(7, 'ajmondoy@gmail.com', 'Alji May', 'Ondoy', 'SAS', 'DORM', '09307897', 'ajmondoy', 'admin', '09335980177', 'member', 'Delete', 'DButton'),
(10, 'jay@gmail.com', 'jay', 'csaanas', 'SAS', 'dkfhjdlfkhj', '09306785', 'jay', 'admin', '09123456789', 'member', 'Delete', 'DButton'),
(11, 'martinzamoras@gmail.com', 'Martin', 'Zamoras', 'SAS', 'Cebu City', '09307891', 'martinzamoras', 'admin', '09339867267', 'admin', 'Delete', 'DButton'),
(12, 'ar@yahoo.com', 'archiel', 'larot', 'SAS', 'apas', '11102337', 'archiel', 'admin', '09271536148', 'member', 'Delete', 'DButton'),
(13, 'syvia@yahoo.com', 'Sylvia', 'Zamoras', 'SAS', 'Tabunok', '09307894', 'sylviazamoras', 'marvszam', '09203456789', 'member', 'Delete', 'DButton');

--
-- Indexes for dumped tables
--

--
-- Indexes for table `announcements`
--
ALTER TABLE `announcements`
  ADD PRIMARY KEY (`ann_id`);

--
-- Indexes for table `category`
--
ALTER TABLE `category`
  ADD PRIMARY KEY (`cat_id`);

--
-- Indexes for table `ci_sessions`
--
ALTER TABLE `ci_sessions`
  ADD KEY `ci_sessions_timestamp` (`timestamp`);

--
-- Indexes for table `game`
--
ALTER TABLE `game`
  ADD PRIMARY KEY (`game_id`);

--
-- Indexes for table `matchup`
--
ALTER TABLE `matchup`
  ADD PRIMARY KEY (`match_id`);

--
-- Indexes for table `news`
--
ALTER TABLE `news`
  ADD PRIMARY KEY (`news_id`),
  ADD KEY `slug` (`slug`);

--
-- Indexes for table `school`
--
ALTER TABLE `school`
  ADD PRIMARY KEY (`school_id`);

--
-- Indexes for table `teams`
--
ALTER TABLE `teams`
  ADD PRIMARY KEY (`team_id`);

--
-- Indexes for table `user`
--
ALTER TABLE `user`
  ADD PRIMARY KEY (`user_id`);

--
-- AUTO_INCREMENT for dumped tables
--

--
-- AUTO_INCREMENT for table `announcements`
--
ALTER TABLE `announcements`
  MODIFY `ann_id` int(11) NOT NULL AUTO_INCREMENT,AUTO_INCREMENT=13;
--
-- AUTO_INCREMENT for table `category`
--
ALTER TABLE `category`
  MODIFY `cat_id` int(11) NOT NULL AUTO_INCREMENT,AUTO_INCREMENT=4;
--
-- AUTO_INCREMENT for table `game`
--
ALTER TABLE `game`
  MODIFY `game_id` int(11) NOT NULL AUTO_INCREMENT,AUTO_INCREMENT=5;
--
-- AUTO_INCREMENT for table `matchup`
--
ALTER TABLE `matchup`
  MODIFY `match_id` int(11) NOT NULL AUTO_INCREMENT,AUTO_INCREMENT=20;
--
-- AUTO_INCREMENT for table `news`
--
ALTER TABLE `news`
  MODIFY `news_id` int(11) NOT NULL AUTO_INCREMENT,AUTO_INCREMENT=32;
--
-- AUTO_INCREMENT for table `school`
--
ALTER TABLE `school`
  MODIFY `school_id` int(11) NOT NULL AUTO_INCREMENT,AUTO_INCREMENT=5;
--
-- AUTO_INCREMENT for table `teams`
--
ALTER TABLE `teams`
  MODIFY `team_id` int(11) NOT NULL AUTO_INCREMENT,AUTO_INCREMENT=15;
--
-- AUTO_INCREMENT for table `user`
--
ALTER TABLE `user`
  MODIFY `user_id` int(11) NOT NULL AUTO_INCREMENT,AUTO_INCREMENT=14;
/*!40101 SET CHARACTER_SET_CLIENT=@OLD_CHARACTER_SET_CLIENT */;
/*!40101 SET CHARACTER_SET_RESULTS=@OLD_CHARACTER_SET_RESULTS */;
/*!40101 SET COLLATION_CONNECTION=@OLD_COLLATION_CONNECTION */;
